{
	"credit": "Made with Blockbench by Valdr687",
	"ambientocclusion": false,
	"textures": {
		"particle": "block/allium",
		"plant": "block/allium"
	},
	"elements": [
		{
			"from": [-0.4, 5.6, 5],
			"to": [-0.4, 10.6, 6],
			"rotation": {"angle": -45, "axis": "z", "origin": [6, -1, 3]},
			"faces": {
				"east": {"uv": [5, 4, 10, 5], "rotation": 270, "texture": "#plant"},
				"west": {"uv": [5, 4, 10, 5], "rotation": 90, "texture": "#plant"}
			}
		},
		{
			"from": [15.2, 2.8, 5],
			"to": [15.2, 7.8, 6],
			"rotation": {"angle": 45, "axis": "z", "origin": [6, -1, 3]},
			"faces": {
				"east": {"uv": [5, 4, 10, 5], "rotation": 270, "texture": "#plant"},
				"west": {"uv": [5, 4, 10, 5], "rotation": 90, "texture": "#plant"}
			}
		},
		{
			"from": [-0.4, 5.6, 10],
			"to": [-0.4, 10.6, 11],
			"rotation": {"angle": -45, "axis": "z", "origin": [6, -1, 8]},
			"faces": {
				"east": {"uv": [5, 4, 10, 5], "rotation": 270, "texture": "#plant"},
				"west": {"uv": [5, 4, 10, 5], "rotation": 90, "texture": "#plant"}
			}
		},
		{
			"from": [15.2, 2.8, 10],
			"to": [15.2, 7.8, 11],
			"rotation": {"angle": 45, "axis": "z", "origin": [6, -1, 8]},
			"faces": {
				"east": {"uv": [5, 4, 10, 5], "rotation": 270, "texture": "#plant"},
				"west": {"uv": [5, 4, 10, 5], "rotation": 90, "texture": "#plant"}
			}
		},
		{
			"from": [4.3, 7, 7.9],
			"to": [9.3, 8, 7.9],
			"rotation": {"angle": 45, "axis": "y", "origin": [7.5, 12.5, 6.5]},
			"faces": {
				"north": {"uv": [5, 3, 10, 4], "texture": "#plant"},
				"south": {"uv": [5, 3, 10, 4], "texture": "#plant"}
			}
		},
		{
			"from": [6.8, 7, 5.4],
			"to": [6.8, 8, 10.4],
			"rotation": {"angle": 45, "axis": "y", "origin": [7.5, 12.5, 6.5]},
			"faces": {
				"east": {"uv": [5, 3, 10, 4], "texture": "#plant"},
				"west": {"uv": [5, 3, 10, 4], "texture": "#plant"}
			}
		},
		{
			"from": [6.8, 12, 5.4],
			"to": [6.8, 13, 10.4],
			"rotation": {"angle": 45, "axis": "y", "origin": [7.5, 12.5, 6.5]},
			"faces": {
				"east": {"uv": [5, 3, 10, 4], "texture": "#plant"},
				"west": {"uv": [5, 3, 10, 4], "texture": "#plant"}
			}
		},
		{
			"from": [4.3, 12, 7.9],
			"to": [9.3, 13, 7.9],
			"rotation": {"angle": 45, "axis": "y", "origin": [7.5, 12.5, 6.5]},
			"faces": {
				"north": {"uv": [5, 3, 10, 4], "texture": "#plant"},
				"south": {"uv": [5, 3, 10, 4], "texture": "#plant"}
			}
		},
		{
			"from": [6, 8, 6],
			"to": [10, 12, 10],
			"faces": {
				"north": {"uv": [6, 3, 10, 7], "texture": "#plant"},
				"east": {"uv": [6, 3, 10, 7], "texture": "#plant"},
				"south": {"uv": [6, 3, 10, 7], "texture": "#plant"},
				"west": {"uv": [6, 3, 10, 7], "texture": "#plant"},
				"up": {"uv": [6, 3, 10, 7], "texture": "#plant"},
				"down": {"uv": [6, 3, 10, 7], "texture": "#plant"}
			}
		},
		{
			"from": [7.5, 0, 7.5],
			"to": [8.5, 8, 8.5],
			"faces": {
				"north": {"uv": [7, 8, 8, 16], "texture": "#plant"},
				"east": {"uv": [7, 8, 8, 16], "texture": "#plant"},
				"south": {"uv": [7, 8, 8, 16], "texture": "#plant"},
				"west": {"uv": [7, 8, 8, 16], "texture": "#plant"},
				"down": {"uv": [7, 15, 8, 16], "texture": "#plant"}
			}
		},
		{
			"from": [10, -1.4, 13.4],
			"to": [11, 3.6, 13.4],
			"rotation": {"angle": -45, "axis": "x", "origin": [0, -1, 0]},
			"faces": {
				"north": {"uv": [6, 3, 7, 8], "texture": "#plant"},
				"south": {"uv": [6, 3, 7, 8], "texture": "#plant"}
			}
		},
		{
			"from": [10, 9.8, -2.2],
			"to": [11, 14.8, -2.2],
			"rotation": {"angle": 45, "axis": "x", "origin": [0, -1, 0]},
			"faces": {
				"north": {"uv": [6, 3, 7, 8], "texture": "#plant"},
				"south": {"uv": [6, 3, 7, 8], "texture": "#plant"}
			}
		},
		{
			"from": [5.1, 9.8, -2.2],
			"to": [6.1, 14.8, -2.2],
			"rotation": {"angle": 45, "axis": "x", "origin": [-5, -1, 0]},
			"faces": {
				"north": {"uv": [6, 3, 7, 8], "texture": "#plant"},
				"south": {"uv": [6, 3, 7, 8], "texture": "#plant"}
			}
		},
		{
			"from": [5.1, -1.4, 13.4],
			"to": [6.1, 3.6, 13.4],
			"rotation": {"angle": -45, "axis": "x", "origin": [-5, -1, 0]},
			"faces": {
				"north": {"uv": [6, 3, 7, 8], "texture": "#plant"},
				"south": {"uv": [6, 3, 7, 8], "texture": "#plant"}
			}
		},
		{
			"from": [6, 12, 5.8],
			"to": [10, 13, 5.8],
			"rotation": {"angle": -22.5, "axis": "x", "origin": [8, 12.5, 6]},
			"faces": {
				"north": {"uv": [5, 6, 9, 7], "texture": "#plant"},
				"south": {"uv": [5, 6, 9, 7], "texture": "#plant"}
			}
		},
		{
			"from": [6, 7.4, 7.7],
			"to": [10, 8.4, 7.7],
			"rotation": {"angle": 22.5, "axis": "x", "origin": [8, 12.5, 6]},
			"faces": {
				"north": {"uv": [5, 6, 9, 7], "texture": "#plant"},
				"south": {"uv": [5, 6, 9, 7], "texture": "#plant"}
			}
		},
		{
			"from": [6, 12, 10.2],
			"to": [10, 13, 10.2],
			"rotation": {"angle": 22.5, "axis": "x", "origin": [8, 12.5, 10]},
			"faces": {
				"north": {"uv": [5, 6, 9, 7], "texture": "#plant"},
				"south": {"uv": [5, 6, 9, 7], "texture": "#plant"}
			}
		},
		{
			"from": [10.05, 12.75, 6],
			"to": [10.05, 13.75, 10],
			"rotation": {"angle": -22.5, "axis": "z", "origin": [8, 12.5, 10]},
			"faces": {
				"east": {"uv": [5, 6, 9, 7], "texture": "#plant"},
				"west": {"uv": [5, 6, 9, 7], "texture": "#plant"}
			}
		},
		{
			"from": [5.95, 12.7, 6],
			"to": [5.95, 13.7, 10],
			"rotation": {"angle": 22.5, "axis": "z", "origin": [8, 12.5, 6]},
			"faces": {
				"east": {"uv": [5, 6, 9, 7], "texture": "#plant"},
				"west": {"uv": [5, 6, 9, 7], "texture": "#plant"}
			}
		},
		{
			"from": [9.65, 6.35, 6],
			"to": [9.65, 7.35, 10],
			"rotation": {"angle": 22.5, "axis": "z", "origin": [8, 8.5, 10]},
			"faces": {
				"east": {"uv": [5, 6, 9, 7], "texture": "#plant"},
				"west": {"uv": [5, 6, 9, 7], "texture": "#plant"}
			}
		},
		{
			"from": [5.93817, 7.13721, 6],
			"to": [5.93817, 8.13721, 10],
			"rotation": {"angle": -22.5, "axis": "z", "origin": [5.83817, 7.8622, 8]},
			"faces": {
				"east": {"uv": [5, 6, 9, 7], "texture": "#plant"},
				"west": {"uv": [5, 6, 9, 7], "texture": "#plant"}
			}
		},
		{
			"from": [6, 8.35, 11.6],
			"to": [10, 8.35, 12.6],
			"rotation": {"angle": 22.5, "axis": "x", "origin": [8, 12.5, 10]},
			"faces": {
				"up": {"uv": [5, 6, 9, 7], "texture": "#plant"},
				"down": {"uv": [5, 6, 9, 7], "rotation": 180, "texture": "#plant"}
			}
		},
		{
			"from": [8.0201, 8, 4.24558],
			"to": [8.0201, 12, 5.24558],
			"rotation": {"angle": -45, "axis": "y", "origin": [8.0201, 10, 8.04558]},
			"faces": {
				"east": {"uv": [5, 3, 6, 7], "texture": "#plant"},
				"west": {"uv": [5, 3, 6, 7], "texture": "#plant"}
			}
		},
		{
			"from": [8.0201, 8, 10.84558],
			"to": [8.0201, 12, 11.84558],
			"rotation": {"angle": -45, "axis": "y", "origin": [8.0201, 10, 8.04558]},
			"faces": {
				"east": {"uv": [5, 3, 6, 7], "texture": "#plant"},
				"west": {"uv": [5, 3, 6, 7], "texture": "#plant"}
			}
		},
		{
			"from": [4.2201, 8, 8.04558],
			"to": [5.2201, 12, 8.04558],
			"rotation": {"angle": -45, "axis": "y", "origin": [8.0201, 10, 8.04558]},
			"faces": {
				"north": {"uv": [5, 3, 6, 7], "texture": "#plant"},
				"south": {"uv": [5, 3, 6, 7], "texture": "#plant"}
			}
		},
		{
			"from": [10.8201, 8, 8.04558],
			"to": [11.8201, 12, 8.04558],
			"rotation": {"angle": -45, "axis": "y", "origin": [8.0201, 10, 8.04558]},
			"faces": {
				"north": {"uv": [5, 3, 6, 7], "texture": "#plant"},
				"south": {"uv": [5, 3, 6, 7], "texture": "#plant"}
			}
		}
	]
}