{
	"credit": "The Stardust System did something here",
	"textures": {
		"particle": "block/bamboo_fence",
		"texture": "block/bamboo_fence"
	},
	"elements": [
		{
			"name": "Center post special",
			"from": [7, 0.8, 7],
			"to": [9, 15.2, 9],
			"faces": {
				"up": {"uv": [5, 1, 7, 3], "texture": "#texture", "cullface": "up"},
				"down": {"uv": [5, 1, 7, 3], "texture": "#texture", "cullface": "down"}
			}
		},
		{
			"name": "Ring",
			"from": [6, 0, 6],
			"to": [7, 16, 10],
			"rotation": {"angle": 0, "axis": "y", "origin": [13, 0.4, 8]},
			"faces": {
				"north": {"uv": [3, 0, 4, 16], "rotation": 180, "texture": "#texture"},
				"east": {"uv": [0, 0, 4, 16], "texture": "#texture"},
				"south": {"uv": [0, 0, 1, 16], "rotation": 180, "texture": "#texture"},
				"west": {"uv": [0, 0, 4, 16], "texture": "#texture"},
				"up": {"uv": [4, 0, 5, 4], "texture": "#texture", "cullface": "up"},
				"down": {"uv": [4, 0, 5, 4], "texture": "#texture", "cullface": "down"}
			}
		},
		{
			"name": "Ring",
			"from": [9, 0, 6],
			"to": [10, 16, 10],
			"rotation": {"angle": 0, "axis": "y", "origin": [13, 0.4, 8]},
			"faces": {
				"north": {"uv": [0, 0, 1, 16], "rotation": 180, "texture": "#texture"},
				"east": {"uv": [0, 0, 4, 16], "texture": "#texture"},
				"south": {"uv": [3, 0, 4, 16], "rotation": 180, "texture": "#texture"},
				"west": {"uv": [4, 0, 0, 16], "texture": "#texture"},
				"up": {"uv": [7, 0, 8, 4], "texture": "#texture", "cullface": "up"},
				"down": {"uv": [7, 0, 8, 4], "texture": "#texture", "cullface": "down"}
			}
		},
		{
			"name": "Ring",
			"from": [7, 0, 6],
			"to": [9, 16, 7],
			"rotation": {"angle": 0, "axis": "y", "origin": [13, 0.4, 8]},
			"faces": {
				"north": {"uv": [1, 0, 3, 16], "rotation": 180, "texture": "#texture"},
				"south": {"uv": [1, 0, 3, 16], "rotation": 180, "texture": "#texture"},
				"up": {"uv": [5, 0, 7, 1], "texture": "#texture", "cullface": "up"},
				"down": {"uv": [5, 3, 7, 4], "texture": "#texture", "cullface": "down"}
			}
		},
		{
			"name": "Ring",
			"from": [7, 0, 9],
			"to": [9, 16, 10],
			"rotation": {"angle": 0, "axis": "y", "origin": [13, 0.4, 8]},
			"faces": {
				"north": {"uv": [1, 0, 3, 16], "rotation": 180, "texture": "#texture"},
				"south": {"uv": [1, 0, 3, 16], "rotation": 180, "texture": "#texture"},
				"up": {"uv": [5, 3, 7, 4], "texture": "#texture", "cullface": "up"},
				"down": {"uv": [5, 0, 7, 1], "texture": "#texture", "cullface": "down"}
			}
		}
	]
}