{"parent":"minecraft:block/cross","textures":{"1":"block/brain_coral_block","cross":"block/brain_coral","particle":"block/brain_coral_block"},"elements":[{"from":[6,0,10],"to":[10,1,11],"faces":{"east":{"uv":[0,0,1,1],"texture":"#1"},"south":{"uv":[0,0,4,1],"texture":"#1"},"west":{"uv":[0,0,1,1],"texture":"#1"},"up":{"uv":[0,0,4,1],"texture":"#1"},"down":{"uv":[0,0,4,1],"texture":"#1"}}},{"from":[6,0,6],"to":[10,2,10],"faces":{"north":{"uv":[0,0,4,2],"texture":"#1"},"east":{"uv":[0,0,4,2],"texture":"#1"},"south":{"uv":[0,0,4,2],"texture":"#1"},"west":{"uv":[0,0,4,2],"texture":"#1"},"up":{"uv":[8,6,12,10],"texture":"#1"},"down":{"uv":[0,0,4,4],"texture":"#1"}}},{"from":[6,0,5],"to":[10,1,6],"faces":{"north":{"uv":[0,0,4,1],"texture":"#1"},"east":{"uv":[0,0,1,1],"texture":"#1"},"west":{"uv":[0,0,1,1],"texture":"#1"},"up":{"uv":[0,0,4,1],"texture":"#1"},"down":{"uv":[0,0,4,1],"texture":"#1"}}},{"from":[7,1,5],"to":[9,2,6],"faces":{"north":{"uv":[0,0,2,1],"texture":"#1"},"east":{"uv":[0,0,1,1],"texture":"#1"},"west":{"uv":[0,0,1,1],"texture":"#1"},"up":{"uv":[0,0,2,1],"texture":"#1"}}},{"from":[7,1,10],"to":[9,2,11],"faces":{"east":{"uv":[0,0,1,1],"texture":"#1"},"south":{"uv":[0,0,2,1],"texture":"#1"},"west":{"uv":[0,0,1,1],"texture":"#1"},"up":{"uv":[0,0,2,1],"texture":"#1"}}},{"from":[10,0,6],"to":[11,1,10],"faces":{"north":{"uv":[0,0,1,1],"texture":"#1"},"east":{"uv":[0,0,4,1],"texture":"#1"},"south":{"uv":[0,0,1,1],"texture":"#1"},"up":{"uv":[0,0,1,4],"texture":"#1"},"down":{"uv":[0,0,1,4],"texture":"#1"}}},{"from":[10,1,7],"to":[11,2,9],"faces":{"north":{"uv":[0,0,1,1],"texture":"#1"},"east":{"uv":[0,0,2,1],"texture":"#1"},"south":{"uv":[0,0,1,1],"texture":"#1"},"up":{"uv":[0,0,1,2],"texture":"#1"}}},{"from":[5,1,7],"to":[6,2,9],"faces":{"north":{"uv":[0,0,1,1],"texture":"#1"},"south":{"uv":[0,0,1,1],"texture":"#1"},"west":{"uv":[0,0,2,1],"texture":"#1"},"up":{"uv":[0,0,1,2],"texture":"#1"}}},{"from":[5,0,6],"to":[6,1,10],"faces":{"north":{"uv":[0,0,1,1],"texture":"#1"},"south":{"uv":[0,0,1,1],"texture":"#1"},"west":{"uv":[0,0,4,1],"texture":"#1"},"up":{"uv":[0,0,1,4],"texture":"#1"},"down":{"uv":[0,0,1,4],"texture":"#1"}}},{"from":[7,2,5],"to":[8,6,7],"rotation":{"angle":22.5,"axis":"y","origin":[9,7.75,9]},"faces":{"north":{"uv":[11,10,12,14],"texture":"#cross"},"east":{"uv":[10,10,12,14],"texture":"#cross"},"south":{"uv":[10,10,11,14],"texture":"#cross"},"west":{"uv":[10,10,12,14],"texture":"#cross"},"up":{"uv":[10,10,12,11],"rotation":90,"texture":"#cross"}}},{"from":[7,6,7],"to":[8,8,9],"rotation":{"angle":22.5,"axis":"y","origin":[9,7.75,9]},"faces":{"north":{"uv":[9,8,10,10],"texture":"#cross"},"east":{"uv":[8,8,10,10],"texture":"#cross"},"south":{"uv":[8,8,9,10],"texture":"#cross"},"west":{"uv":[8,8,10,10],"texture":"#cross"},"up":{"uv":[8,8,9,10],"texture":"#cross"},"down":{"uv":[8,8,9,10],"texture":"#cross"}}},{"from":[7,9,2],"to":[8,11,4],"rotation":{"angle":22.5,"axis":"y","origin":[9,7.75,9]},"faces":{"north":{"uv":[14,5,15,7],"texture":"#cross"},"east":{"uv":[13,5,15,7],"texture":"#cross"},"south":{"uv":[13,5,14,7],"texture":"#cross"},"west":{"uv":[13,5,15,7],"texture":"#cross"},"up":{"uv":[13,5,14,7],"texture":"#cross"},"down":{"uv":[13,5,14,7],"texture":"#cross"}}},{"from":[7,7,3],"to":[8,9,4],"rotation":{"angle":22.5,"axis":"y","origin":[9,7.75,9]},"faces":{"north":{"uv":[13,7,14,9],"texture":"#cross"},"east":{"uv":[13,7,14,9],"texture":"#cross"},"south":{"uv":[13,7,14,9],"texture":"#cross"},"west":{"uv":[13,7,14,9],"texture":"#cross"},"down":{"uv":[13,8,14,9],"texture":"#cross"}}},{"from":[7,6,4],"to":[8,8,5],"rotation":{"angle":22.5,"axis":"y","origin":[9,7.75,9]},"faces":{"north":{"uv":[12,8,13,10],"texture":"#cross"},"east":{"uv":[12,8,13,10],"texture":"#cross"},"south":{"uv":[12,8,13,10],"texture":"#cross"},"west":{"uv":[12,8,13,10],"texture":"#cross"},"up":{"uv":[12,9,13,10],"texture":"#cross"},"down":{"uv":[12,8,13,9],"texture":"#cross"}}},{"from":[7,5,1],"to":[8,7,2],"rotation":{"angle":22.5,"axis":"y","origin":[9,7.75,9]},"faces":{"north":{"uv":[15,9,16,11],"texture":"#cross"},"east":{"uv":[15,9,16,11],"texture":"#cross"},"south":{"uv":[15,9,16,11],"texture":"#cross"},"west":{"uv":[15,9,16,11],"texture":"#cross"},"up":{"uv":[15,9,16,10],"texture":"#cross"},"down":{"uv":[15,10,16,11],"texture":"#cross"}}},{"from":[7,3,2],"to":[8,6,3],"rotation":{"angle":22.5,"axis":"y","origin":[9,7.75,9]},"faces":{"north":{"uv":[14,10,15,13],"texture":"#cross"},"east":{"uv":[14,10,15,13],"texture":"#cross"},"south":{"uv":[14,10,15,13],"texture":"#cross"},"west":{"uv":[14,10,15,13],"texture":"#cross"},"up":{"uv":[14,10,15,11],"texture":"#cross"},"down":{"uv":[14,12,15,13],"texture":"#cross"}}},{"from":[7,7,9],"to":[8,9,11],"rotation":{"angle":22.5,"axis":"y","origin":[9,7.75,9]},"faces":{"east":{"uv":[6,7,8,9],"texture":"#cross"},"south":{"uv":[6,7,7,9],"texture":"#cross"},"west":{"uv":[6,7,8,9],"texture":"#cross"},"up":{"uv":[6,7,8,8],"rotation":90,"texture":"#cross"},"down":{"uv":[6,8,8,9],"rotation":90,"texture":"#cross"}}},{"from":[7,10,14],"to":[8,12,16],"rotation":{"angle":22.5,"axis":"y","origin":[9,7.75,9]},"faces":{"north":{"uv":[2,4,3,6],"texture":"#cross"},"east":{"uv":[1,4,3,6],"texture":"#cross"},"south":{"uv":[1,4,2,6],"texture":"#cross"},"west":{"uv":[1,4,3,6],"texture":"#cross"},"up":{"uv":[1,4,3,5],"rotation":90,"texture":"#cross"}}},{"from":[7,2,9],"to":[8,4,11],"rotation":{"angle":22.5,"axis":"y","origin":[9,7.75,9]},"faces":{"north":{"uv":[6,10,7,12],"texture":"#cross"},"east":{"uv":[5,10,7,12],"texture":"#cross"},"south":{"uv":[5,10,6,12],"texture":"#cross"},"west":{"uv":[5,10,7,12],"texture":"#cross"},"up":{"uv":[5,10,7,11],"rotation":90,"texture":"#cross"},"down":{"uv":[6,10,7,12],"texture":"#cross"}}},{"from":[7,4,10],"to":[8,6,12],"rotation":{"angle":22.5,"axis":"y","origin":[9,7.75,9]},"faces":{"north":{"uv":[5,9,6,11],"texture":"#cross"},"east":{"uv":[4,9,6,11],"texture":"#cross"},"south":{"uv":[4,9,5,11],"texture":"#cross"},"west":{"uv":[4,9,6,11],"texture":"#cross"},"up":{"uv":[4,9,6,10],"rotation":90,"texture":"#cross"},"down":{"uv":[4,10,6,11],"rotation":90,"texture":"#cross"}}},{"from":[7,6,11],"to":[8,7,14],"rotation":{"angle":22.5,"axis":"y","origin":[9,7.75,9]},"faces":{"north":{"uv":[5,9,6,10],"texture":"#cross"},"east":{"uv":[3,9,6,10],"texture":"#cross"},"south":{"uv":[3,9,4,10],"texture":"#cross"},"west":{"uv":[3,9,6,10],"texture":"#cross"},"up":{"uv":[3,9,6,10],"rotation":90,"texture":"#cross"},"down":{"uv":[3,9,6,10],"rotation":90,"texture":"#cross"}}},{"from":[7,5,7],"to":[8,6,8],"rotation":{"angle":22.5,"axis":"y","origin":[9,7.75,9]},"faces":{"east":{"uv":[9,10,10,11],"texture":"#cross"},"south":{"uv":[9,10,10,11],"texture":"#cross"},"west":{"uv":[9,10,10,11],"texture":"#cross"},"down":{"uv":[9,10,10,11],"texture":"#cross"}}},{"from":[7,8,8],"to":[8,9,9],"rotation":{"angle":22.5,"axis":"y","origin":[9,7.75,9]},"faces":{"north":{"uv":[8,7,9,8],"texture":"#cross"},"east":{"uv":[8,7,9,8],"texture":"#cross"},"west":{"uv":[8,7,9,8],"texture":"#cross"}}},{"from":[7,9,9],"to":[8,10,10],"rotation":{"angle":22.5,"axis":"y","origin":[9,7.75,9]},"faces":{"east":{"uv":[7,6,8,7],"texture":"#cross"},"south":{"uv":[7,6,8,7],"texture":"#cross"},"west":{"uv":[7,6,8,7],"texture":"#cross"},"up":{"uv":[7,6,8,7],"texture":"#cross"}}},{"from":[7,8,12],"to":[8,9,13],"rotation":{"angle":22.5,"axis":"y","origin":[9,7.75,9]},"faces":{"north":{"uv":[4,7,5,8],"texture":"#cross"},"east":{"uv":[4,7,5,8],"texture":"#cross"},"south":{"uv":[4,7,5,8],"texture":"#cross"},"west":{"uv":[4,7,5,8],"texture":"#cross"},"up":{"uv":[4,7,5,8],"texture":"#cross"},"down":{"uv":[4,7,5,8],"texture":"#cross"}}},{"from":[7,6,15],"to":[8,7,16],"rotation":{"angle":22.5,"axis":"y","origin":[9,7.75,9]},"faces":{"north":{"uv":[1,9,2,10],"texture":"#cross"},"east":{"uv":[1,9,2,10],"texture":"#cross"},"south":{"uv":[1,9,2,10],"texture":"#cross"},"west":{"uv":[1,9,2,10],"texture":"#cross"},"up":{"uv":[1,9,2,10],"texture":"#cross"},"down":{"uv":[1,9,2,10],"texture":"#cross"}}},{"from":[7,7,13],"to":[8,8,14],"rotation":{"angle":22.5,"axis":"y","origin":[9,7.75,9]},"faces":{"north":{"uv":[3,8,4,9],"texture":"#cross"},"east":{"uv":[3,8,4,9],"texture":"#cross"},"west":{"uv":[3,8,4,9],"texture":"#cross"},"up":{"uv":[3,8,4,9],"texture":"#cross"}}},{"from":[7,5,12],"to":[8,6,13],"rotation":{"angle":22.5,"axis":"y","origin":[9,7.75,9]},"faces":{"east":{"uv":[4,10,5,11],"texture":"#cross"},"south":{"uv":[4,10,5,11],"texture":"#cross"},"west":{"uv":[4,10,5,11],"texture":"#cross"},"down":{"uv":[4,10,5,11],"texture":"#cross"}}},{"from":[7,12,14],"to":[8,13,15],"rotation":{"angle":22.5,"axis":"y","origin":[9,7.75,9]},"faces":{"north":{"uv":[2,3,3,4],"texture":"#cross"},"east":{"uv":[2,3,3,4],"texture":"#cross"},"south":{"uv":[2,3,3,4],"texture":"#cross"},"west":{"uv":[2,3,3,4],"texture":"#cross"},"up":{"uv":[2,3,3,4],"texture":"#cross"}}},{"from":[7,11,16],"to":[8,13,17],"rotation":{"angle":22.5,"axis":"y","origin":[9,7.75,9]},"faces":{"north":{"uv":[0,3,1,5],"texture":"#cross"},"east":{"uv":[0,3,1,5],"texture":"#cross"},"south":{"uv":[0,3,1,5],"texture":"#cross"},"west":{"uv":[0,3,1,5],"texture":"#cross"},"up":{"uv":[0,3,1,4],"texture":"#cross"},"down":{"uv":[0,4,1,5],"texture":"#cross"}}},{"from":[7,11,12],"to":[8,12,13],"rotation":{"angle":22.5,"axis":"y","origin":[9,7.75,9]},"faces":{"north":{"uv":[4,4,5,5],"texture":"#cross"},"east":{"uv":[4,4,5,5],"texture":"#cross"},"south":{"uv":[4,4,5,5],"texture":"#cross"},"west":{"uv":[4,4,5,5],"texture":"#cross"},"up":{"uv":[4,4,5,5],"texture":"#cross"},"down":{"uv":[4,4,5,5],"texture":"#cross"}}},{"from":[7,10,13],"to":[8,11,14],"rotation":{"angle":22.5,"axis":"y","origin":[9,7.75,9]},"faces":{"north":{"uv":[3,5,4,6],"texture":"#cross"},"east":{"uv":[3,5,4,6],"texture":"#cross"},"west":{"uv":[3,5,4,6],"texture":"#cross"},"up":{"uv":[3,5,4,6],"texture":"#cross"},"down":{"uv":[3,5,4,6],"texture":"#cross"}}},{"from":[7,7,14],"to":[8,10,15],"rotation":{"angle":22.5,"axis":"y","origin":[9,7.75,9]},"faces":{"north":{"uv":[2,6,3,9],"texture":"#cross"},"east":{"uv":[2,6,3,9],"texture":"#cross"},"south":{"uv":[2,6,3,9],"texture":"#cross"},"west":{"uv":[2,6,3,9],"texture":"#cross"},"down":{"uv":[2,8,3,9],"texture":"#cross"}}},{"from":[7,9,15],"to":[8,10,17],"rotation":{"angle":22.5,"axis":"y","origin":[9,7.75,9]},"faces":{"east":{"uv":[0,6,2,7],"texture":"#cross"},"south":{"uv":[0,6,1,7],"texture":"#cross"},"west":{"uv":[0,6,2,7],"texture":"#cross"},"up":{"uv":[0,6,2,7],"rotation":90,"texture":"#cross"},"down":{"uv":[0,6,2,7],"rotation":90,"texture":"#cross"}}},{"from":[7,10,7],"to":[8,11,8],"rotation":{"angle":22.5,"axis":"y","origin":[9,7.75,9]},"faces":{"north":{"uv":[9,5,10,6],"texture":"#cross"},"east":{"uv":[9,5,10,6],"texture":"#cross"},"west":{"uv":[9,5,10,6],"texture":"#cross"},"down":{"uv":[9,5,10,6],"texture":"#cross"}}},{"from":[7,12,4],"to":[8,13,5],"rotation":{"angle":22.5,"axis":"y","origin":[9,7.75,9]},"faces":{"north":{"uv":[12,3,13,4],"texture":"#cross"},"east":{"uv":[12,3,13,4],"texture":"#cross"},"south":{"uv":[12,3,13,4],"texture":"#cross"},"west":{"uv":[12,3,13,4],"texture":"#cross"},"up":{"uv":[12,3,13,4],"texture":"#cross"},"down":{"uv":[12,3,13,4],"texture":"#cross"}}},{"from":[7,7,6],"to":[8,8,7],"rotation":{"angle":22.5,"axis":"y","origin":[9,7.75,9]},"faces":{"north":{"uv":[10,8,11,9],"texture":"#cross"},"east":{"uv":[10,8,11,9],"texture":"#cross"},"west":{"uv":[10,8,11,9],"texture":"#cross"},"down":{"uv":[10,8,11,9],"texture":"#cross"}}},{"from":[7,11,3],"to":[8,12,4],"rotation":{"angle":22.5,"axis":"y","origin":[9,7.75,9]},"faces":{"north":{"uv":[13,4,14,5],"texture":"#cross"},"east":{"uv":[13,4,14,5],"texture":"#cross"},"south":{"uv":[13,4,14,5],"texture":"#cross"},"west":{"uv":[13,4,14,5],"texture":"#cross"},"up":{"uv":[13,4,14,5],"texture":"#cross"}}},{"from":[7,11,1],"to":[8,12,2],"rotation":{"angle":22.5,"axis":"y","origin":[9,7.75,9]},"faces":{"north":{"uv":[15,4,16,5],"texture":"#cross"},"east":{"uv":[15,4,16,5],"texture":"#cross"},"south":{"uv":[15,4,16,5],"texture":"#cross"},"west":{"uv":[15,4,16,5],"texture":"#cross"},"up":{"uv":[15,4,16,5],"texture":"#cross"},"down":{"uv":[15,4,16,5],"texture":"#cross"}}},{"from":[7,3,1],"to":[8,4,2],"rotation":{"angle":22.5,"axis":"y","origin":[9,7.75,9]},"faces":{"north":{"uv":[15,12,16,13],"texture":"#cross"},"east":{"uv":[15,12,16,13],"texture":"#cross"},"west":{"uv":[15,12,16,13],"texture":"#cross"},"up":{"uv":[15,12,16,13],"texture":"#cross"},"down":{"uv":[15,12,16,13],"texture":"#cross"}}},{"from":[7,3,3],"to":[8,4,4],"rotation":{"angle":22.5,"axis":"y","origin":[9,7.75,9]},"faces":{"east":{"uv":[13,12,14,13],"texture":"#cross"},"south":{"uv":[13,12,14,13],"texture":"#cross"},"west":{"uv":[13,12,14,13],"texture":"#cross"},"up":{"uv":[13,12,14,13],"texture":"#cross"}}},{"from":[7,5,3],"to":[8,6,4],"rotation":{"angle":22.5,"axis":"y","origin":[9,7.75,9]},"faces":{"east":{"uv":[13,10,14,11],"texture":"#cross"},"south":{"uv":[13,10,14,11],"texture":"#cross"},"west":{"uv":[13,10,14,11],"texture":"#cross"},"up":{"uv":[13,10,14,11],"texture":"#cross"},"down":{"uv":[13,10,14,11],"texture":"#cross"}}},{"from":[7,12,6],"to":[8,13,7],"rotation":{"angle":22.5,"axis":"y","origin":[9,7.75,9]},"faces":{"north":{"uv":[10,3,11,4],"texture":"#cross"},"east":{"uv":[10,3,11,4],"texture":"#cross"},"south":{"uv":[10,3,11,4],"texture":"#cross"},"west":{"uv":[10,3,11,4],"texture":"#cross"},"up":{"uv":[10,3,11,4],"texture":"#cross"}}},{"from":[7,13,8],"to":[8,14,9],"rotation":{"angle":22.5,"axis":"y","origin":[9,7.75,9]},"faces":{"north":{"uv":[8,2,9,3],"texture":"#cross"},"east":{"uv":[8,2,9,3],"texture":"#cross"},"south":{"uv":[8,2,9,3],"texture":"#cross"},"west":{"uv":[8,2,9,3],"texture":"#cross"},"up":{"uv":[8,2,9,3],"texture":"#cross"}}},{"from":[7,14,7],"to":[8,15,8],"rotation":{"angle":22.5,"axis":"y","origin":[9,7.75,9]},"faces":{"north":{"uv":[9,1,10,2],"texture":"#cross"},"east":{"uv":[9,1,10,2],"texture":"#cross"},"south":{"uv":[9,1,10,2],"texture":"#cross"},"west":{"uv":[9,1,10,2],"texture":"#cross"},"up":{"uv":[9,1,10,2],"texture":"#cross"},"down":{"uv":[9,1,10,2],"texture":"#cross"}}},{"from":[7,14,11],"to":[8,15,12],"rotation":{"angle":22.5,"axis":"y","origin":[9,7.75,9]},"faces":{"north":{"uv":[5,1,6,2],"texture":"#cross"},"east":{"uv":[5,1,6,2],"texture":"#cross"},"south":{"uv":[5,1,6,2],"texture":"#cross"},"west":{"uv":[5,1,6,2],"texture":"#cross"},"up":{"uv":[5,1,6,2],"texture":"#cross"}}},{"from":[7,13,10],"to":[8,14,12],"rotation":{"angle":22.5,"axis":"y","origin":[9,7.75,9]},"faces":{"north":{"uv":[5,2,6,3],"texture":"#cross"},"east":{"uv":[5,2,7,3],"texture":"#cross"},"south":{"uv":[6,2,7,3],"texture":"#cross"},"west":{"uv":[5,2,7,3],"texture":"#cross"},"up":{"uv":[5,2,7,3],"rotation":90,"texture":"#cross"},"down":{"uv":[5,2,7,3],"rotation":90,"texture":"#cross"}}},{"from":[7,12,8],"to":[8,13,10],"rotation":{"angle":22.5,"axis":"y","origin":[9,7.75,9]},"faces":{"north":{"uv":[8,3,9,4],"texture":"#cross"},"east":{"uv":[7,3,9,4],"texture":"#cross"},"south":{"uv":[7,3,8,4],"texture":"#cross"},"west":{"uv":[7,3,9,4],"texture":"#cross"},"up":{"uv":[7,3,9,4],"rotation":90,"texture":"#cross"}}},{"from":[7,10,4],"to":[8,11,6],"rotation":{"angle":22.5,"axis":"y","origin":[9,7.75,9]},"faces":{"east":{"uv":[11,5,13,6],"texture":"#cross"},"south":{"uv":[11,5,12,6],"texture":"#cross"},"west":{"uv":[11,5,13,6],"texture":"#cross"},"up":{"uv":[11,5,13,6],"rotation":90,"texture":"#cross"},"down":{"uv":[11,5,13,6],"rotation":90,"texture":"#cross"}}},{"from":[7,8,5],"to":[8,9,7],"rotation":{"angle":22.5,"axis":"y","origin":[9,7.75,9]},"faces":{"north":{"uv":[11,7,12,8],"texture":"#cross"},"east":{"uv":[10,7,12,8],"texture":"#cross"},"south":{"uv":[10,7,11,8],"texture":"#cross"},"west":{"uv":[10,7,12,8],"texture":"#cross"},"up":{"uv":[10,7,12,8],"rotation":90,"texture":"#cross"},"down":{"uv":[10,7,12,8],"rotation":90,"texture":"#cross"}}},{"from":[7,2,3],"to":[8,3,5],"rotation":{"angle":22.5,"axis":"y","origin":[9,7.75,9]},"faces":{"north":{"uv":[13,13,14,14],"texture":"#cross"},"east":{"uv":[12,13,14,14],"texture":"#cross"},"west":{"uv":[12,13,14,14],"texture":"#cross"},"up":{"uv":[12,13,14,14],"rotation":90,"texture":"#cross"},"down":{"uv":[12,13,14,14],"rotation":90,"texture":"#cross"}}},{"from":[7,11,6],"to":[8,12,11],"rotation":{"angle":22.5,"axis":"y","origin":[9,7.75,9]},"faces":{"north":{"uv":[10,4,11,5],"texture":"#cross"},"east":{"uv":[6,4,11,5],"texture":"#cross"},"south":{"uv":[6,4,7,5],"texture":"#cross"},"west":{"uv":[6,4,11,5],"texture":"#cross"},"up":{"uv":[6,4,11,5],"rotation":90,"texture":"#cross"},"down":{"uv":[6,4,11,5],"rotation":90,"texture":"#cross"}}},{"from":[7,9,8],"to":[8,11,9],"rotation":{"angle":22.5,"axis":"y","origin":[9,7.75,9]},"faces":{"north":{"uv":[8,5,9,7],"texture":"#cross"},"east":{"uv":[8,5,9,7],"texture":"#cross"},"south":{"uv":[8,5,9,7],"texture":"#cross"},"west":{"uv":[8,5,9,7],"texture":"#cross"}}},{"from":[4,2,6.525],"to":[6,4,7.525],"rotation":{"angle":22.5,"axis":"y","origin":[9,7.75,7.525]},"faces":{"north":{"uv":[5,10,7,12],"texture":"#cross"},"east":{"uv":[6,10,7,12],"texture":"#cross"},"south":{"uv":[5,10,7,12],"texture":"#cross"},"west":{"uv":[5,10,6,12],"texture":"#cross"},"up":{"uv":[5,10,7,11],"rotation":180,"texture":"#cross"},"down":{"uv":[0,0,1,2],"rotation":270,"texture":"#1"}}},{"from":[3,4,6.525],"to":[5,6,7.525],"rotation":{"angle":22.5,"axis":"y","origin":[9,7.75,7.525]},"faces":{"north":{"uv":[4,9,6,11],"texture":"#cross"},"east":{"uv":[5,9,6,11],"texture":"#cross"},"south":{"uv":[4,9,6,11],"texture":"#cross"},"west":{"uv":[4,9,5,11],"texture":"#cross"},"up":{"uv":[4,9,6,10],"rotation":180,"texture":"#cross"},"down":{"uv":[4,10,6,11],"texture":"#cross"}}},{"from":[1,6,6.525],"to":[4,7,7.525],"rotation":{"angle":22.5,"axis":"y","origin":[9,7.75,7.525]},"faces":{"north":{"uv":[3,9,6,10],"texture":"#cross"},"east":{"uv":[5,9,6,10],"texture":"#cross"},"south":{"uv":[3,9,6,10],"texture":"#cross"},"west":{"uv":[3,9,4,10],"texture":"#cross"},"up":{"uv":[3,9,6,10],"rotation":180,"texture":"#cross"},"down":{"uv":[3,9,6,10],"texture":"#cross"}}},{"from":[1,7,6.525],"to":[2,8,7.525],"rotation":{"angle":22.5,"axis":"y","origin":[9,7.75,7.525]},"faces":{"north":{"uv":[3,8,4,9],"texture":"#cross"},"east":{"uv":[3,8,4,9],"texture":"#cross"},"south":{"uv":[3,8,4,9],"texture":"#cross"},"up":{"uv":[3,8,4,9],"rotation":90,"texture":"#cross"}}},{"from":[0,7,6.525],"to":[1,10,7.525],"rotation":{"angle":22.5,"axis":"y","origin":[9,7.75,7.525]},"faces":{"north":{"uv":[2,6,3,9],"texture":"#cross"},"east":{"uv":[2,6,3,9],"texture":"#cross"},"south":{"uv":[2,6,3,9],"texture":"#cross"},"west":{"uv":[2,6,3,9],"texture":"#cross"},"down":{"uv":[2,8,3,9],"rotation":270,"texture":"#cross"}}},{"from":[-1,6,6.525],"to":[0,7,7.525],"rotation":{"angle":22.5,"axis":"y","origin":[9,7.75,7.525]},"faces":{"north":{"uv":[1,9,2,10],"texture":"#cross"},"east":{"uv":[1,9,2,10],"texture":"#cross"},"south":{"uv":[1,9,2,10],"texture":"#cross"},"west":{"uv":[1,9,2,10],"texture":"#cross"},"up":{"uv":[1,9,2,10],"rotation":90,"texture":"#cross"},"down":{"uv":[1,9,2,10],"rotation":270,"texture":"#cross"}}},{"from":[2,8,6.525],"to":[3,9,7.525],"rotation":{"angle":22.5,"axis":"y","origin":[9,7.75,7.525]},"faces":{"north":{"uv":[4,7,5,8],"texture":"#cross"},"east":{"uv":[4,7,5,8],"texture":"#cross"},"south":{"uv":[4,7,5,8],"texture":"#cross"},"west":{"uv":[4,7,5,8],"texture":"#cross"},"up":{"uv":[4,7,5,8],"rotation":90,"texture":"#cross"},"down":{"uv":[4,7,5,8],"rotation":270,"texture":"#cross"}}},{"from":[1,10,6.525],"to":[2,11,7.525],"rotation":{"angle":22.5,"axis":"y","origin":[9,7.75,7.525]},"faces":{"north":{"uv":[3,5,4,6],"texture":"#cross"},"east":{"uv":[3,5,4,6],"texture":"#cross"},"south":{"uv":[3,5,4,6],"texture":"#cross"},"up":{"uv":[3,5,4,6],"rotation":90,"texture":"#cross"},"down":{"uv":[3,5,4,6],"rotation":270,"texture":"#cross"}}},{"from":[-1,10,6.525],"to":[1,12,7.525],"rotation":{"angle":22.5,"axis":"y","origin":[9,7.75,7.525]},"faces":{"north":{"uv":[1,4,3,6],"texture":"#cross"},"east":{"uv":[2,4,3,6],"texture":"#cross"},"south":{"uv":[1,4,3,6],"texture":"#cross"},"west":{"uv":[1,4,2,6],"texture":"#cross"},"up":{"uv":[1,4,3,5],"rotation":180,"texture":"#cross"}}},{"from":[-2,11,6.525],"to":[-1,13,7.525],"rotation":{"angle":22.5,"axis":"y","origin":[9,7.75,7.525]},"faces":{"north":{"uv":[0,3,1,5],"texture":"#cross"},"east":{"uv":[0,3,1,5],"texture":"#cross"},"south":{"uv":[0,3,1,5],"texture":"#cross"},"west":{"uv":[0,3,1,5],"texture":"#cross"},"up":{"uv":[0,3,1,4],"rotation":90,"texture":"#cross"},"down":{"uv":[0,4,1,5],"rotation":270,"texture":"#cross"}}},{"from":[-2,9,6.525],"to":[0,10,7.525],"rotation":{"angle":22.5,"axis":"y","origin":[9,7.75,7.525]},"faces":{"north":{"uv":[0,6,2,7],"texture":"#cross"},"south":{"uv":[0,6,2,7],"texture":"#cross"},"west":{"uv":[0,6,1,7],"texture":"#cross"},"up":{"uv":[0,6,2,7],"rotation":180,"texture":"#cross"},"down":{"uv":[0,6,2,7],"texture":"#cross"}}},{"from":[0,12,6.525],"to":[1,13,7.525],"rotation":{"angle":22.5,"axis":"y","origin":[9,7.75,7.525]},"faces":{"north":{"uv":[2,3,3,4],"texture":"#cross"},"east":{"uv":[2,3,3,4],"texture":"#cross"},"south":{"uv":[2,3,3,4],"texture":"#cross"},"west":{"uv":[2,3,3,4],"texture":"#cross"},"up":{"uv":[2,3,3,4],"rotation":90,"texture":"#cross"}}},{"from":[2,11,6.525],"to":[3,12,7.525],"rotation":{"angle":22.5,"axis":"y","origin":[9,7.75,7.525]},"faces":{"north":{"uv":[4,4,5,5],"texture":"#cross"},"east":{"uv":[4,4,5,5],"texture":"#cross"},"south":{"uv":[4,4,5,5],"texture":"#cross"},"west":{"uv":[4,4,5,5],"texture":"#cross"},"up":{"uv":[4,4,5,5],"rotation":90,"texture":"#cross"},"down":{"uv":[4,4,5,5],"rotation":270,"texture":"#cross"}}},{"from":[13,2,8],"to":[15,6,9],"rotation":{"angle":22.5,"axis":"y","origin":[9,7.75,9]},"faces":{"north":{"uv":[10,10,12,14],"texture":"#cross"},"east":{"uv":[10,10,11,14],"texture":"#cross"},"south":{"uv":[10,10,12,14],"texture":"#cross"},"west":{"uv":[11,10,12,14],"texture":"#cross"},"up":{"uv":[10,10,12,11],"texture":"#cross"},"down":{"uv":[10,13,12,14],"texture":"#cross"}}},{"from":[11,2,8],"to":[13,3,9],"rotation":{"angle":22.5,"axis":"y","origin":[9,7.75,9]},"faces":{"north":{"uv":[12,13,14,14],"texture":"#cross"},"south":{"uv":[12,13,14,14],"texture":"#cross"},"west":{"uv":[13,13,14,14],"texture":"#cross"},"up":{"uv":[12,13,14,14],"texture":"#cross"}}},{"from":[11,3,8],"to":[12,4,9],"rotation":{"angle":22.5,"axis":"y","origin":[9,7.75,9]},"faces":{"north":{"uv":[13,12,14,13],"texture":"#cross"},"east":{"uv":[13,12,14,13],"texture":"#cross"},"south":{"uv":[13,12,14,13],"texture":"#cross"},"up":{"uv":[13,12,14,13],"rotation":270,"texture":"#cross"}}},{"from":[10,3,8],"to":[11,6,9],"rotation":{"angle":22.5,"axis":"y","origin":[9,7.75,9]},"faces":{"north":{"uv":[14,10,15,13],"texture":"#cross"},"east":{"uv":[14,10,15,13],"texture":"#cross"},"south":{"uv":[14,10,15,13],"texture":"#cross"},"west":{"uv":[14,10,15,13],"texture":"#cross"},"up":{"uv":[14,10,15,11],"rotation":270,"texture":"#cross"},"down":{"uv":[14,12,15,13],"rotation":90,"texture":"#cross"}}},{"from":[9,3,8],"to":[10,4,9],"rotation":{"angle":22.5,"axis":"y","origin":[9,7.75,9]},"faces":{"north":{"uv":[15,12,16,13],"texture":"#cross"},"south":{"uv":[15,12,16,13],"texture":"#cross"},"west":{"uv":[15,12,16,13],"texture":"#cross"},"up":{"uv":[15,12,16,13],"rotation":270,"texture":"#cross"},"down":{"uv":[15,12,16,13],"rotation":90,"texture":"#cross"}}},{"from":[9,5,8],"to":[10,7,9],"rotation":{"angle":22.5,"axis":"y","origin":[9,7.75,9]},"faces":{"north":{"uv":[15,9,16,11],"texture":"#cross"},"east":{"uv":[15,9,16,11],"texture":"#cross"},"south":{"uv":[15,9,16,11],"texture":"#cross"},"west":{"uv":[15,9,16,11],"texture":"#cross"},"up":{"uv":[15,9,16,10],"rotation":270,"texture":"#cross"},"down":{"uv":[15,10,16,11],"rotation":90,"texture":"#cross"}}},{"from":[11,5,8],"to":[12,6,9],"rotation":{"angle":22.5,"axis":"y","origin":[9,7.75,9]},"faces":{"north":{"uv":[13,10,14,11],"texture":"#cross"},"east":{"uv":[13,10,14,11],"texture":"#cross"},"south":{"uv":[13,10,14,11],"texture":"#cross"},"up":{"uv":[13,10,14,11],"rotation":270,"texture":"#cross"},"down":{"uv":[13,10,14,11],"rotation":90,"texture":"#cross"}}},{"from":[12,6,8],"to":[13,8,9],"rotation":{"angle":22.5,"axis":"y","origin":[9,7.75,9]},"faces":{"north":{"uv":[12,8,13,10],"texture":"#cross"},"east":{"uv":[12,8,13,10],"texture":"#cross"},"south":{"uv":[12,8,13,10],"texture":"#cross"},"west":{"uv":[12,8,13,10],"texture":"#cross"},"up":{"uv":[12,9,13,10],"rotation":270,"texture":"#cross"},"down":{"uv":[12,8,13,9],"rotation":90,"texture":"#cross"}}},{"from":[11,7,8],"to":[12,9,9],"rotation":{"angle":22.5,"axis":"y","origin":[9,7.75,9]},"faces":{"north":{"uv":[13,7,14,9],"texture":"#cross"},"east":{"uv":[13,7,14,9],"texture":"#cross"},"south":{"uv":[13,7,14,9],"texture":"#cross"},"west":{"uv":[13,7,14,9],"texture":"#cross"},"down":{"uv":[13,8,14,9],"rotation":90,"texture":"#cross"}}},{"from":[10,9,8],"to":[12,11,9],"rotation":{"angle":22.5,"axis":"y","origin":[9,7.75,9]},"faces":{"north":{"uv":[13,5,15,7],"texture":"#cross"},"east":{"uv":[13,5,14,7],"texture":"#cross"},"south":{"uv":[13,5,15,7],"texture":"#cross"},"west":{"uv":[14,5,15,7],"texture":"#cross"},"up":{"uv":[13,5,14,7],"rotation":270,"texture":"#cross"},"down":{"uv":[13,5,14,7],"rotation":90,"texture":"#cross"}}},{"from":[9,11,8],"to":[10,12,9],"rotation":{"angle":22.5,"axis":"y","origin":[9,7.75,9]},"faces":{"north":{"uv":[15,4,16,5],"texture":"#cross"},"east":{"uv":[15,4,16,5],"texture":"#cross"},"south":{"uv":[15,4,16,5],"texture":"#cross"},"west":{"uv":[15,4,16,5],"texture":"#cross"},"up":{"uv":[15,4,16,5],"rotation":270,"texture":"#cross"},"down":{"uv":[15,4,16,5],"rotation":90,"texture":"#cross"}}},{"from":[12,12,8],"to":[13,13,9],"rotation":{"angle":22.5,"axis":"y","origin":[9,7.75,9]},"faces":{"north":{"uv":[12,3,13,4],"texture":"#cross"},"east":{"uv":[12,3,13,4],"texture":"#cross"},"south":{"uv":[12,3,13,4],"texture":"#cross"},"west":{"uv":[12,3,13,4],"texture":"#cross"},"up":{"uv":[12,3,13,4],"rotation":270,"texture":"#cross"},"down":{"uv":[12,3,13,4],"rotation":90,"texture":"#cross"}}},{"from":[11,11,8],"to":[12,12,9],"rotation":{"angle":22.5,"axis":"y","origin":[9,7.75,9]},"faces":{"north":{"uv":[13,4,14,5],"rotation":90,"texture":"#cross"},"east":{"uv":[13,4,14,5],"rotation":90,"texture":"#cross"},"south":{"uv":[13,4,14,5],"rotation":90,"texture":"#cross"},"west":{"uv":[13,4,14,5],"rotation":90,"texture":"#cross"},"up":{"uv":[13,4,14,5],"rotation":90,"texture":"#cross"}}},{"from":[12,10,8],"to":[14,11,9],"rotation":{"angle":22.5,"axis":"y","origin":[9,7.75,9]},"faces":{"north":{"uv":[11,5,13,6],"texture":"#cross"},"east":{"uv":[11,5,12,6],"texture":"#cross"},"south":{"uv":[11,5,13,6],"texture":"#cross"},"up":{"uv":[11,5,13,6],"texture":"#cross"},"down":{"uv":[11,5,13,6],"rotation":180,"texture":"#cross"}}},{"from":[14,11,8],"to":[19,12,9],"rotation":{"angle":22.5,"axis":"y","origin":[9,7.75,9]},"faces":{"north":{"uv":[6,4,11,5],"texture":"#cross"},"east":{"uv":[6,4,7,5],"texture":"#cross"},"south":{"uv":[6,4,11,5],"texture":"#cross"},"west":{"uv":[10,4,11,5],"texture":"#cross"},"up":{"uv":[6,4,11,5],"texture":"#cross"},"down":{"uv":[6,4,11,5],"rotation":180,"texture":"#cross"}}},{"from":[16,12,8],"to":[18,13,9],"rotation":{"angle":22.5,"axis":"y","origin":[9,7.75,9]},"faces":{"north":{"uv":[7,3,9,4],"texture":"#cross"},"east":{"uv":[7,3,8,4],"texture":"#cross"},"south":{"uv":[7,3,9,4],"texture":"#cross"},"west":{"uv":[8,3,9,4],"texture":"#cross"},"up":{"uv":[7,3,9,4],"texture":"#cross"}}},{"from":[16,13,8],"to":[17,14,9],"rotation":{"angle":22.5,"axis":"y","origin":[9,7.75,9]},"faces":{"north":{"uv":[8,2,9,3],"texture":"#cross"},"east":{"uv":[8,2,9,3],"texture":"#cross"},"south":{"uv":[8,2,9,3],"texture":"#cross"},"west":{"uv":[8,2,9,3],"texture":"#cross"},"up":{"uv":[8,2,9,3],"rotation":270,"texture":"#cross"}}},{"from":[15,14,8],"to":[16,15,9],"rotation":{"angle":22.5,"axis":"y","origin":[9,7.75,9]},"faces":{"north":{"uv":[9,1,10,2],"texture":"#cross"},"east":{"uv":[9,1,10,2],"texture":"#cross"},"south":{"uv":[9,1,10,2],"texture":"#cross"},"west":{"uv":[9,1,10,2],"texture":"#cross"},"up":{"uv":[9,1,10,2],"rotation":270,"texture":"#cross"},"down":{"uv":[9,1,10,2],"rotation":90,"texture":"#cross"}}},{"from":[18,13,8],"to":[20,14,9],"rotation":{"angle":22.5,"axis":"y","origin":[9,7.75,9]},"faces":{"north":{"uv":[5,2,7,3],"texture":"#cross"},"east":{"uv":[6,2,7,3],"texture":"#cross"},"south":{"uv":[5,2,7,3],"texture":"#cross"},"west":{"uv":[5,2,6,3],"texture":"#cross"},"up":{"uv":[5,2,7,3],"texture":"#cross"},"down":{"uv":[5,2,7,3],"rotation":180,"texture":"#cross"}}},{"from":[19,14,8],"to":[20,15,9],"rotation":{"angle":22.5,"axis":"y","origin":[9,7.75,9]},"faces":{"north":{"uv":[5,1,6,2],"texture":"#cross"},"east":{"uv":[5,1,6,2],"texture":"#cross"},"south":{"uv":[5,1,6,2],"texture":"#cross"},"west":{"uv":[5,1,6,2],"texture":"#cross"},"up":{"uv":[5,1,6,2],"rotation":270,"texture":"#cross"}}},{"from":[16,9,8],"to":[17,11,9],"rotation":{"angle":22.5,"axis":"y","origin":[9,7.75,9]},"faces":{"north":{"uv":[8,5,9,7],"texture":"#cross"},"east":{"uv":[8,5,9,7],"texture":"#cross"},"south":{"uv":[8,5,9,7],"texture":"#cross"},"west":{"uv":[8,5,9,7],"texture":"#cross"}}},{"from":[15,10,8],"to":[16,11,9],"rotation":{"angle":22.5,"axis":"y","origin":[9,7.75,9]},"faces":{"north":{"uv":[9,5,10,6],"texture":"#cross"},"south":{"uv":[9,5,10,6],"texture":"#cross"},"west":{"uv":[9,5,10,6],"texture":"#cross"},"down":{"uv":[9,5,10,6],"rotation":90,"texture":"#cross"}}},{"from":[17,9,8],"to":[18,10,9],"rotation":{"angle":22.5,"axis":"y","origin":[9,7.75,9]},"faces":{"north":{"uv":[7,6,8,7],"texture":"#cross"},"east":{"uv":[7,6,8,7],"texture":"#cross"},"south":{"uv":[7,6,8,7],"texture":"#cross"},"up":{"uv":[7,6,8,7],"rotation":270,"texture":"#cross"}}},{"from":[17,7,8],"to":[19,9,9],"rotation":{"angle":22.5,"axis":"y","origin":[9,7.75,9]},"faces":{"north":{"uv":[6,7,8,9],"texture":"#cross"},"east":{"uv":[6,7,7,9],"texture":"#cross"},"south":{"uv":[6,7,8,9],"texture":"#cross"},"up":{"uv":[6,7,8,8],"texture":"#cross"},"down":{"uv":[6,8,8,9],"rotation":180,"texture":"#cross"}}},{"from":[15,6,8],"to":[17,8,9],"rotation":{"angle":22.5,"axis":"y","origin":[9,7.75,9]},"faces":{"north":{"uv":[8,8,10,10],"texture":"#cross"},"east":{"uv":[8,8,9,10],"texture":"#cross"},"south":{"uv":[8,8,10,10],"texture":"#cross"},"west":{"uv":[9,8,10,10],"texture":"#cross"},"up":{"uv":[8,8,9,10],"rotation":270,"texture":"#cross"},"down":{"uv":[8,8,9,10],"rotation":90,"texture":"#cross"}}},{"from":[15,5,8],"to":[16,6,9],"rotation":{"angle":22.5,"axis":"y","origin":[9,7.75,9]},"faces":{"north":{"uv":[9,10,10,11],"texture":"#cross"},"east":{"uv":[9,10,10,11],"texture":"#cross"},"south":{"uv":[9,10,10,11],"texture":"#cross"},"down":{"uv":[9,10,10,11],"rotation":90,"texture":"#cross"}}},{"from":[16,8,8],"to":[17,9,9],"rotation":{"angle":22.5,"axis":"y","origin":[9,7.75,9]},"faces":{"north":{"uv":[8,7,9,8],"texture":"#cross"},"south":{"uv":[8,7,9,8],"texture":"#cross"},"west":{"uv":[8,7,9,8],"texture":"#cross"}}},{"from":[14,7,8],"to":[15,8,9],"rotation":{"angle":22.5,"axis":"y","origin":[9,7.75,9]},"faces":{"north":{"uv":[10,8,11,9],"texture":"#cross"},"south":{"uv":[10,8,11,9],"texture":"#cross"},"west":{"uv":[10,8,11,9],"texture":"#cross"},"down":{"uv":[10,8,11,9],"rotation":90,"texture":"#cross"}}},{"from":[13,8,8],"to":[15,9,9],"rotation":{"angle":22.5,"axis":"y","origin":[9,7.75,9]},"faces":{"north":{"uv":[10,7,12,8],"texture":"#cross"},"east":{"uv":[10,7,11,8],"texture":"#cross"},"south":{"uv":[10,7,12,8],"texture":"#cross"},"west":{"uv":[11,7,12,8],"texture":"#cross"},"up":{"uv":[10,7,12,8],"texture":"#cross"},"down":{"uv":[10,7,12,8],"rotation":180,"texture":"#cross"}}},{"from":[14,12,8],"to":[15,13,9],"rotation":{"angle":22.5,"axis":"y","origin":[9,7.75,9]},"faces":{"north":{"uv":[10,3,11,4],"texture":"#cross"},"east":{"uv":[10,3,11,4],"texture":"#cross"},"south":{"uv":[10,3,11,4],"texture":"#cross"},"west":{"uv":[10,3,11,4],"texture":"#cross"},"up":{"uv":[10,3,11,4],"rotation":270,"texture":"#cross"}}},{"from":[11,0.025,8],"to":[13,2,9],"rotation":{"angle":22.5,"axis":"y","origin":[9,7.75,9]},"faces":{"north":{"uv":[9,14,11,16],"texture":"#cross"},"east":{"uv":[9,14,10,16],"texture":"#cross"},"south":{"uv":[9,14,11,16],"texture":"#cross"},"down":{"uv":[9,14,10,16],"rotation":90,"texture":"#cross"}}}]}