{"credit":"Made with Blockbench by Valdr687","textures":{"0":"block/potted/cactus_small","1":"block/spore_blossom","particle":"block/potted/cactus_small"},"elements":[{"from":[5.5,0,5.5],"to":[10.5,5,10.5],"faces":{"north":{"uv":[1,7,6,12],"texture":"#0"},"east":{"uv":[1,7,6,12],"texture":"#0"},"south":{"uv":[1,7,6,12],"texture":"#0"},"west":{"uv":[1,7,6,12],"texture":"#0"},"up":{"uv":[1,1,6,6],"texture":"#0"},"down":{"uv":[7,1,12,6],"texture":"#0"}}},{"from":[4.5,3,5.5],"to":[5.5,4,5.5],"faces":{"north":{"uv":[6,8,7,9],"texture":"#0"},"south":{"uv":[6,8,7,9],"texture":"#0"}}},{"from":[10.5,2,5.5],"to":[11.5,3,5.5],"faces":{"north":{"uv":[0,9,1,10],"texture":"#0"},"south":{"uv":[0,9,1,10],"texture":"#0"}}},{"from":[7.5,5,8],"to":[8.5,7,8],"rotation":{"angle":45,"axis":"y","origin":[8,6,8]},"faces":{"north":{"uv":[1,9,2,11],"texture":"#1"},"south":{"uv":[1,9,2,11],"texture":"#1"}}},{"from":[7.5,5,8],"to":[8.5,7,8],"rotation":{"angle":-45,"axis":"y","origin":[8,6,8]},"faces":{"north":{"uv":[1,9,2,11],"texture":"#1"},"south":{"uv":[1,9,2,11],"texture":"#1"}}},{"from":[10.5,3,10.5],"to":[11.5,4,10.5],"faces":{"north":{"uv":[0,9,1,10],"texture":"#0"},"south":{"uv":[0,9,1,10],"texture":"#0"}}},{"from":[4.5,2,10.5],"to":[5.5,3,10.5],"faces":{"north":{"uv":[6,8,7,9],"texture":"#0"},"south":{"uv":[6,8,7,9],"texture":"#0"}}},{"from":[10.5,3,4.5],"to":[10.5,4,5.5],"faces":{"east":{"uv":[0,9,1,10],"texture":"#0"},"west":{"uv":[0,9,1,10],"texture":"#0"}}},{"from":[10.5,2,10.5],"to":[10.5,3,11.5],"faces":{"east":{"uv":[6,8,7,9],"texture":"#0"},"west":{"uv":[6,8,7,9],"texture":"#0"}}},{"from":[5.5,2,4.5],"to":[5.5,3,5.5],"faces":{"east":{"uv":[0,9,1,10],"texture":"#0"},"west":{"uv":[0,9,1,10],"texture":"#0"}}},{"from":[4.5,3,5.5],"to":[5.5,4,5.5],"faces":{"north":{"uv":[0,9,1,10],"texture":"#0"},"south":{"uv":[0,9,1,10],"texture":"#0"}}},{"from":[5.5,3,10.5],"to":[5.5,4,11.5],"faces":{"east":{"uv":[6,8,7,9],"texture":"#0"},"west":{"uv":[6,8,7,9],"texture":"#0"}}},{"from":[10.5,2,5.5],"to":[11.5,3,5.5],"faces":{"north":{"uv":[6,8,7,9],"texture":"#0"},"south":{"uv":[6,8,7,9],"texture":"#0"}}},{"from":[7,5,5],"to":[9,5,7],"rotation":{"angle":45,"axis":"x","origin":[8,5,7]},"faces":{"north":{"uv":[7,5,7,5],"texture":"#1"},"east":{"uv":[7,5,7,5],"texture":"#1"},"south":{"uv":[7,5,7,5],"texture":"#1"},"west":{"uv":[7,5,7,5],"texture":"#1"},"up":{"uv":[7,5,9,7],"texture":"#1"},"down":{"uv":[7,5,9,7],"texture":"#1"}}},{"from":[7,5.025,7],"to":[9,5.025,9],"faces":{"north":{"uv":[7,5,7,5],"texture":"#1"},"east":{"uv":[7,5,7,5],"texture":"#1"},"south":{"uv":[7,5,7,5],"texture":"#1"},"west":{"uv":[7,5,7,5],"texture":"#1"},"up":{"uv":[7,5,9,7],"texture":"#1"},"down":{"uv":[7,5,9,7],"texture":"#1"}}},{"from":[7,5,7],"to":[7,7,9],"rotation":{"angle":45,"axis":"z","origin":[7,5,8]},"faces":{"north":{"uv":[7,5,7,5],"rotation":270,"texture":"#1"},"east":{"uv":[7,5,9,7],"texture":"#1"},"south":{"uv":[7,5,7,5],"rotation":90,"texture":"#1"},"west":{"uv":[7,5,9,7],"rotation":180,"texture":"#1"},"up":{"uv":[7,5,7,5],"rotation":90,"texture":"#1"},"down":{"uv":[7,5,7,5],"rotation":90,"texture":"#1"}}},{"from":[9,5,7],"to":[11,5,9],"rotation":{"angle":45,"axis":"z","origin":[9,5,8]},"faces":{"north":{"uv":[7,5,7,5],"rotation":180,"texture":"#1"},"east":{"uv":[7,5,7,5],"rotation":180,"texture":"#1"},"south":{"uv":[7,5,7,5],"rotation":180,"texture":"#1"},"west":{"uv":[7,5,7,5],"rotation":180,"texture":"#1"},"up":{"uv":[7,5,9,7],"rotation":270,"texture":"#1"},"down":{"uv":[7,5,9,7],"rotation":90,"texture":"#1"}}},{"from":[7,5,9],"to":[9,5,11],"rotation":{"angle":-45,"axis":"x","origin":[8,5,9]},"faces":{"north":{"uv":[7,5,7,5],"rotation":180,"texture":"#1"},"east":{"uv":[7,5,7,5],"rotation":180,"texture":"#1"},"south":{"uv":[7,5,7,5],"rotation":180,"texture":"#1"},"west":{"uv":[7,5,7,5],"rotation":180,"texture":"#1"},"up":{"uv":[7,5,9,7],"texture":"#1"},"down":{"uv":[7,5,9,7],"texture":"#1"}}}]}