{
	"credit": "Made with Blockbench by Valdr687",
	"parent": "minecraft:block/cross",
	"textures": {
		"particle": "block/cave_vines",
		"cross": "block/cave_vines"
	},
	"elements": [
		{
			"from": [8, 0, 0],
			"to": [8, 16, 16],
			"shade": false,
			"rotation": {"angle": 45, "axis": "y", "origin": [8, 8, 8]},
			"faces": {
				"east": {"uv": [16, 0, 0, 16], "texture": "#cross"},
				"west": {"uv": [0, 0, 16, 16], "texture": "#cross"}
			}
		},
		{
			"from": [7.5, 6, 11],
			"to": [8.5, 7, 12],
			"rotation": {"angle": 45, "axis": "y", "origin": [8, 8, 8]},
			"faces": {
				"east": {"uv": [11, 9, 12, 10], "texture": "#cross"},
				"south": {"uv": [11, 9, 12, 10], "texture": "#cross"},
				"west": {"uv": [11, 9, 12, 10], "texture": "#cross"},
				"up": {"uv": [11, 9, 12, 10], "texture": "#cross"},
				"down": {"uv": [11, 9, 12, 10], "texture": "#cross"}
			}
		},
		{
			"from": [7.5, 7, 5],
			"to": [8.5, 8, 6],
			"rotation": {"angle": 45, "axis": "y", "origin": [8, 8, 8]},
			"faces": {
				"north": {"uv": [11, 9, 12, 10], "texture": "#cross"},
				"east": {"uv": [11, 9, 12, 10], "texture": "#cross"},
				"south": {"uv": [11, 9, 12, 10], "texture": "#cross"},
				"west": {"uv": [11, 9, 12, 10], "texture": "#cross"},
				"up": {"uv": [11, 9, 12, 10], "texture": "#cross"},
				"down": {"uv": [11, 9, 12, 10], "texture": "#cross"}
			}
		},
		{
			"from": [7.5, 10, 5],
			"to": [8.5, 11, 6],
			"rotation": {"angle": 45, "axis": "y", "origin": [8, 8, 8]},
			"faces": {
				"north": {"uv": [5, 5, 6, 6], "texture": "#cross"},
				"east": {"uv": [5, 5, 6, 6], "texture": "#cross"},
				"south": {"uv": [5, 5, 6, 6], "texture": "#cross"},
				"west": {"uv": [5, 5, 6, 6], "texture": "#cross"},
				"up": {"uv": [5, 5, 6, 6], "texture": "#cross"},
				"down": {"uv": [5, 5, 6, 6], "texture": "#cross"}
			}
		},
		{
			"from": [7.5, 14, 3],
			"to": [8.5, 15, 4],
			"rotation": {"angle": 45, "axis": "y", "origin": [8, 8, 8]},
			"faces": {
				"north": {"uv": [3, 1, 4, 2], "texture": "#cross"},
				"east": {"uv": [3, 1, 4, 2], "texture": "#cross"},
				"south": {"uv": [3, 1, 4, 2], "texture": "#cross"},
				"west": {"uv": [3, 1, 4, 2], "texture": "#cross"},
				"up": {"uv": [3, 1, 4, 2], "texture": "#cross"},
				"down": {"uv": [3, 1, 4, 2], "texture": "#cross"}
			}
		},
		{
			"from": [7.5, 4, 10],
			"to": [8.5, 6, 11],
			"rotation": {"angle": 45, "axis": "y", "origin": [8, 8, 8]},
			"faces": {
				"north": {"uv": [10, 10, 11, 12], "texture": "#cross"},
				"east": {"uv": [10, 10, 11, 12], "texture": "#cross"},
				"south": {"uv": [10, 10, 11, 12], "texture": "#cross"},
				"west": {"uv": [10, 10, 11, 12], "texture": "#cross"},
				"up": {"uv": [10, 10, 11, 11], "texture": "#cross"},
				"down": {"uv": [10, 11, 11, 12], "texture": "#cross"}
			}
		},
		{
			"from": [7.5, 9, 11],
			"to": [8.5, 11, 12],
			"rotation": {"angle": 45, "axis": "y", "origin": [8, 8, 8]},
			"faces": {
				"north": {"uv": [11, 5, 12, 7], "texture": "#cross"},
				"east": {"uv": [11, 5, 12, 7], "texture": "#cross"},
				"south": {"uv": [11, 5, 12, 7], "texture": "#cross"},
				"west": {"uv": [11, 5, 12, 7], "texture": "#cross"},
				"up": {"uv": [11, 5, 12, 6], "texture": "#cross"},
				"down": {"uv": [11, 6, 12, 7], "texture": "#cross"}
			}
		},
		{
			"from": [7.5, 5, 4],
			"to": [8.5, 7, 5],
			"rotation": {"angle": 45, "axis": "y", "origin": [8, 8, 8]},
			"faces": {
				"north": {"uv": [4, 9, 5, 11], "texture": "#cross"},
				"east": {"uv": [4, 9, 5, 11], "texture": "#cross"},
				"south": {"uv": [4, 9, 5, 11], "texture": "#cross"},
				"west": {"uv": [4, 9, 5, 11], "texture": "#cross"},
				"up": {"uv": [4, 9, 5, 10], "texture": "#cross"},
				"down": {"uv": [4, 10, 5, 11], "texture": "#cross"}
			}
		},
		{
			"from": [7.5, 11, 4],
			"to": [8.5, 14, 5],
			"rotation": {"angle": 45, "axis": "y", "origin": [8, 8, 8]},
			"faces": {
				"north": {"uv": [4, 2, 5, 5], "texture": "#cross"},
				"east": {"uv": [4, 2, 5, 5], "texture": "#cross"},
				"south": {"uv": [4, 2, 5, 5], "texture": "#cross"},
				"west": {"uv": [4, 2, 5, 5], "texture": "#cross"},
				"up": {"uv": [4, 2, 5, 3], "texture": "#cross"}
			}
		},
		{
			"from": [7.5, 8, 7.5],
			"to": [8.5, 15, 8.5],
			"rotation": {"angle": 45, "axis": "y", "origin": [8, 8, 8]},
			"faces": {
				"north": {"uv": [7, 1, 8, 8], "texture": "#cross"},
				"east": {"uv": [7, 1, 8, 8], "texture": "#cross"},
				"south": {"uv": [7, 1, 8, 8], "texture": "#cross"},
				"west": {"uv": [7, 1, 8, 8], "texture": "#cross"},
				"down": {"uv": [7, 7, 8, 8], "texture": "#cross"}
			}
		},
		{
			"from": [0, 0, 8],
			"to": [16, 16, 8],
			"shade": false,
			"rotation": {"angle": 45, "axis": "y", "origin": [8, 8, 8]},
			"faces": {
				"north": {"uv": [16, 0, 0, 16], "texture": "#cross"},
				"south": {"uv": [0, 0, 16, 16], "texture": "#cross"}
			}
		},
		{
			"from": [11, 6, 7.5],
			"to": [12, 7, 8.5],
			"rotation": {"angle": 45, "axis": "y", "origin": [8, 8, 8]},
			"faces": {
				"north": {"uv": [11, 9, 12, 10], "texture": "#cross"},
				"east": {"uv": [11, 9, 12, 10], "texture": "#cross"},
				"south": {"uv": [11, 9, 12, 10], "texture": "#cross"},
				"up": {"uv": [11, 9, 12, 10], "rotation": 270, "texture": "#cross"},
				"down": {"uv": [11, 9, 12, 10], "rotation": 90, "texture": "#cross"}
			}
		},
		{
			"from": [5, 7, 7.5],
			"to": [6, 8, 8.5],
			"rotation": {"angle": 45, "axis": "y", "origin": [8, 8, 8]},
			"faces": {
				"north": {"uv": [11, 9, 12, 10], "texture": "#cross"},
				"east": {"uv": [11, 9, 12, 10], "texture": "#cross"},
				"south": {"uv": [11, 9, 12, 10], "texture": "#cross"},
				"west": {"uv": [11, 9, 12, 10], "texture": "#cross"},
				"up": {"uv": [11, 9, 12, 10], "rotation": 270, "texture": "#cross"},
				"down": {"uv": [11, 9, 12, 10], "rotation": 90, "texture": "#cross"}
			}
		},
		{
			"from": [5, 10, 7.5],
			"to": [6, 11, 8.5],
			"rotation": {"angle": 45, "axis": "y", "origin": [8, 8, 8]},
			"faces": {
				"north": {"uv": [5, 5, 6, 6], "texture": "#cross"},
				"east": {"uv": [5, 5, 6, 6], "texture": "#cross"},
				"south": {"uv": [5, 5, 6, 6], "texture": "#cross"},
				"west": {"uv": [5, 5, 6, 6], "texture": "#cross"},
				"up": {"uv": [5, 5, 6, 6], "rotation": 270, "texture": "#cross"},
				"down": {"uv": [5, 5, 6, 6], "rotation": 90, "texture": "#cross"}
			}
		},
		{
			"from": [3, 14, 7.5],
			"to": [4, 15, 8.5],
			"rotation": {"angle": 45, "axis": "y", "origin": [8, 8, 8]},
			"faces": {
				"north": {"uv": [3, 1, 4, 2], "texture": "#cross"},
				"east": {"uv": [3, 1, 4, 2], "texture": "#cross"},
				"south": {"uv": [3, 1, 4, 2], "texture": "#cross"},
				"west": {"uv": [3, 1, 4, 2], "texture": "#cross"},
				"up": {"uv": [3, 1, 4, 2], "rotation": 270, "texture": "#cross"},
				"down": {"uv": [3, 1, 4, 2], "rotation": 90, "texture": "#cross"}
			}
		},
		{
			"from": [7.5, 15, 7.5],
			"to": [8.5, 16, 8.5],
			"rotation": {"angle": 45, "axis": "y", "origin": [8, 8, 8]},
			"faces": {
				"north": {"uv": [8, 0, 9, 1], "texture": "#cross"},
				"east": {"uv": [8, 0, 9, 1], "texture": "#cross"},
				"south": {"uv": [8, 0, 9, 1], "texture": "#cross"},
				"west": {"uv": [8, 0, 9, 1], "texture": "#cross"},
				"up": {"uv": [8, 0, 9, 1], "rotation": 270, "texture": "#cross"}
			}
		},
		{
			"from": [10, 4, 7.5],
			"to": [11, 6, 8.5],
			"rotation": {"angle": 45, "axis": "y", "origin": [8, 8, 8]},
			"faces": {
				"north": {"uv": [10, 10, 11, 12], "texture": "#cross"},
				"east": {"uv": [10, 10, 11, 12], "texture": "#cross"},
				"south": {"uv": [10, 10, 11, 12], "texture": "#cross"},
				"west": {"uv": [10, 10, 11, 12], "texture": "#cross"},
				"down": {"uv": [10, 11, 11, 12], "rotation": 90, "texture": "#cross"}
			}
		},
		{
			"from": [11, 9, 7.5],
			"to": [12, 11, 8.5],
			"rotation": {"angle": 45, "axis": "y", "origin": [8, 8, 8]},
			"faces": {
				"north": {"uv": [11, 5, 12, 7], "texture": "#cross"},
				"east": {"uv": [11, 5, 12, 7], "texture": "#cross"},
				"south": {"uv": [11, 5, 12, 7], "texture": "#cross"},
				"west": {"uv": [11, 5, 12, 7], "texture": "#cross"},
				"up": {"uv": [11, 5, 12, 6], "rotation": 270, "texture": "#cross"},
				"down": {"uv": [11, 6, 12, 7], "rotation": 90, "texture": "#cross"}
			}
		},
		{
			"from": [4, 5, 7.5],
			"to": [5, 7, 8.5],
			"rotation": {"angle": 45, "axis": "y", "origin": [8, 8, 8]},
			"faces": {
				"north": {"uv": [4, 9, 5, 11], "texture": "#cross"},
				"east": {"uv": [4, 9, 5, 11], "texture": "#cross"},
				"south": {"uv": [4, 9, 5, 11], "texture": "#cross"},
				"west": {"uv": [4, 9, 5, 11], "texture": "#cross"},
				"up": {"uv": [4, 9, 5, 10], "rotation": 270, "texture": "#cross"},
				"down": {"uv": [4, 10, 5, 11], "rotation": 90, "texture": "#cross"}
			}
		},
		{
			"from": [4, 11, 7.5],
			"to": [5, 14, 8.5],
			"rotation": {"angle": 45, "axis": "y", "origin": [8, 8, 8]},
			"faces": {
				"north": {"uv": [4, 2, 5, 5], "texture": "#cross"},
				"east": {"uv": [4, 2, 5, 5], "texture": "#cross"},
				"south": {"uv": [4, 2, 5, 5], "texture": "#cross"},
				"west": {"uv": [4, 2, 5, 5], "texture": "#cross"},
				"up": {"uv": [4, 2, 5, 3], "rotation": 270, "texture": "#cross"}
			}
		},
		{
			"from": [3.5, 11, 7],
			"to": [5.5, 13, 9],
			"rotation": {"angle": 45, "axis": "y", "origin": [8, 8, 8]},
			"faces": {
				"north": {"uv": [14, 14, 16, 16], "texture": "#cross"},
				"east": {"uv": [14, 14, 16, 16], "texture": "#cross"},
				"south": {"uv": [14, 14, 16, 16], "texture": "#cross"},
				"west": {"uv": [14, 14, 16, 16], "texture": "#cross"},
				"up": {"uv": [14, 14, 16, 16], "texture": "#cross"},
				"down": {"uv": [14, 14, 16, 16], "texture": "#cross"}
			}
		},
		{
			"from": [9, 6, 7],
			"to": [11, 8, 9],
			"rotation": {"angle": 45, "axis": "y", "origin": [8, 8, 8]},
			"faces": {
				"north": {"uv": [14, 14, 16, 16], "texture": "#cross"},
				"east": {"uv": [14, 14, 16, 16], "texture": "#cross"},
				"south": {"uv": [14, 14, 16, 16], "texture": "#cross"},
				"west": {"uv": [14, 14, 16, 16], "texture": "#cross"},
				"up": {"uv": [14, 14, 16, 16], "texture": "#cross"},
				"down": {"uv": [14, 14, 16, 16], "texture": "#cross"}
			}
		},
		{
			"from": [9, 6, 7],
			"to": [11, 8, 9],
			"rotation": {"angle": -45, "axis": "y", "origin": [8, 8, 8]},
			"faces": {
				"north": {"uv": [14, 14, 16, 16], "texture": "#cross"},
				"east": {"uv": [14, 14, 16, 16], "texture": "#cross"},
				"south": {"uv": [14, 14, 16, 16], "texture": "#cross"},
				"west": {"uv": [14, 14, 16, 16], "texture": "#cross"},
				"up": {"uv": [14, 14, 16, 16], "texture": "#cross"},
				"down": {"uv": [14, 14, 16, 16], "texture": "#cross"}
			}
		},
		{
			"from": [7, 11, 3.5],
			"to": [9, 13, 5.5],
			"rotation": {"angle": 45, "axis": "y", "origin": [8, 8, 8]},
			"faces": {
				"north": {"uv": [14, 14, 16, 16], "texture": "#cross"},
				"east": {"uv": [14, 14, 16, 16], "texture": "#cross"},
				"south": {"uv": [14, 14, 16, 16], "texture": "#cross"},
				"west": {"uv": [14, 14, 16, 16], "texture": "#cross"},
				"up": {"uv": [14, 14, 16, 16], "texture": "#cross"},
				"down": {"uv": [14, 14, 16, 16], "texture": "#cross"}
			}
		}
	]
}