{
	"credit": "Made with Blockbench",
	"ambientocclusion": false,
	"texture_size": [32, 16],
	"textures": {
		"0": "block/cocoa_stage2",
		"particle": "block/cocoa_stage2"
	},
	"elements": [
		{
			"from": [4, 3, 7],
			"to": [12, 12, 15],
			"faces": {
				"north": {"uv": [4, 5, 8, 14], "texture": "#0"},
				"east": {"uv": [4, 5, 8, 14], "texture": "#0"},
				"south": {"uv": [4, 5, 8, 14], "texture": "#0"},
				"west": {"uv": [4, 5, 8, 14], "texture": "#0"},
				"up": {"uv": [0, 0, 4, 8], "texture": "#0"},
				"down": {"uv": [0, 0, 4, 8], "texture": "#0"}
			}
		},
		{
			"from": [8, 12, 12],
			"to": [8, 16, 16],
			"faces": {
				"north": {"uv": [0, 0, 0, 0], "texture": "#0"},
				"east": {"uv": [8.5, 1, 6.5, 5], "texture": "#0"},
				"south": {"uv": [0, 0, 0, 0], "texture": "#0"},
				"west": {"uv": [6.5, 1, 8.5, 5], "texture": "#0"},
				"up": {"uv": [0, 0, 0, 0], "texture": "#0"},
				"down": {"uv": [0, 0, 0, 0], "texture": "#0"}
			}
		}
	]
}