{
	"credit": "Made with Blockbench by Valdr687",
	"ambientocclusion": false,
	"textures": {
		"particle": "block/potatoes_stage0",
		"crop": "block/potatoes_stage0"
	},
	"elements": [
		{
			"from": [8.025, -1, 0.025],
			"to": [8.025, 15, 16.025],
			"faces": {
				"east": {"uv": [0, 0, 16, 16], "texture": "#crop"},
				"west": {"uv": [0, 0, 16, 16], "texture": "#crop"}
			}
		},
		{
			"from": [0.025, -1, 8.025],
			"to": [16.025, 15, 8.025],
			"faces": {
				"north": {"uv": [0, 0, 16, 16], "texture": "#crop"},
				"south": {"uv": [0, 0, 16, 16], "texture": "#crop"}
			}
		}
	]
}