{"credit":"Made with Blockbench by Valdr687","textures":{"0":"block/dandelion","particle":"block/dandelion"},"elements":[{"from":[5.5,0,10.5],"to":[6.5,5,11.5],"faces":{"north":{"uv":[7,11,8,16],"texture":"#0"},"east":{"uv":[7,11,8,16],"texture":"#0"},"south":{"uv":[7,11,8,16],"texture":"#0"},"west":{"uv":[7,11,8,16],"texture":"#0"},"up":{"uv":[7,11,8,12],"texture":"#0"},"down":{"uv":[7,15,8,16],"texture":"#0"}}},{"from":[2.5,0,11],"to":[5.5,6,11],"faces":{"north":{"uv":[9,11,12,16],"texture":"#0"},"south":{"uv":[12,11,9,16],"texture":"#0"}}},{"from":[6.5,0,11],"to":[9.5,5,11],"faces":{"north":{"uv":[12,11,9,16],"texture":"#0"},"south":{"uv":[9,11,12,16],"texture":"#0"}}},{"from":[6,0,11.35],"to":[6,5,14.35],"faces":{"east":{"uv":[12,11,9,16],"texture":"#0"},"west":{"uv":[9,11,12,16],"texture":"#0"}}},{"from":[6,0,7.6],"to":[6,5,10.6],"faces":{"east":{"uv":[7,11,4,16],"texture":"#0"},"west":{"uv":[4,11,7,16],"texture":"#0"}}},{"from":[5,5.025,10],"to":[7,5.025,12],"faces":{"up":{"uv":[7,8,9,10],"texture":"#0"},"down":{"uv":[8,8,10,10],"texture":"#0"}}},{"from":[5,5.025,10],"to":[7,7.025,10],"rotation":{"angle":-22.5,"axis":"x","origin":[6,5.025,10]},"faces":{"north":{"uv":[8,8,10,10],"rotation":180,"texture":"#0"},"south":{"uv":[7,8,9,10],"texture":"#0"}}},{"from":[5,5.025,12],"to":[7,7.025,12],"rotation":{"angle":22.5,"axis":"x","origin":[6,5.025,12]},"faces":{"north":{"uv":[7,8,9,10],"rotation":180,"texture":"#0"},"south":{"uv":[8,8,10,10],"texture":"#0"}}},{"from":[7.2,1.975,10],"to":[7.2,3.975,12],"rotation":{"angle":22.5,"axis":"z","origin":[-1.5,-2,3.5]},"faces":{"east":{"uv":[7,8,9,10],"rotation":270,"texture":"#0"},"west":{"uv":[6,8,8,10],"rotation":270,"texture":"#0"}}},{"from":[3.6,8.075,10],"to":[3.6,10.075,12],"rotation":{"angle":-22.5,"axis":"z","origin":[-2.5,-2,3.5]},"faces":{"east":{"uv":[8,8,10,10],"rotation":270,"texture":"#0"},"west":{"uv":[8,8,10,10],"rotation":270,"texture":"#0"}}},{"from":[6,5,10.5],"to":[6,7,11.5],"rotation":{"angle":45,"axis":"y","origin":[6,-2,11]},"faces":{"east":{"uv":[9,8,10,10],"texture":"#0"},"west":{"uv":[8,8,9,10],"texture":"#0"}}},{"from":[6,5,10.5],"to":[6,7,11.5],"rotation":{"angle":-45,"axis":"y","origin":[6,-2,11]},"faces":{"east":{"uv":[9,8,10,10],"texture":"#0"},"west":{"uv":[9,8,10,10],"texture":"#0"}}},{"from":[7,5.025,6],"to":[9,7.025,6],"rotation":{"angle":-22.5,"axis":"x","origin":[8,5.025,6]},"faces":{"north":{"uv":[8,8,10,10],"rotation":180,"texture":"#0"},"south":{"uv":[7,8,9,10],"texture":"#0"}}},{"from":[7.5,0,6.5],"to":[8.5,5,7.5],"faces":{"north":{"uv":[7,11,8,16],"texture":"#0"},"east":{"uv":[7,11,8,16],"texture":"#0"},"south":{"uv":[7,11,8,16],"texture":"#0"},"west":{"uv":[7,11,8,16],"texture":"#0"},"up":{"uv":[7,11,8,12],"texture":"#0"},"down":{"uv":[7,15,8,16],"texture":"#0"}}},{"from":[4.5,0,7],"to":[7.5,6,7],"faces":{"north":{"uv":[9,11,12,16],"texture":"#0"},"south":{"uv":[12,11,9,16],"texture":"#0"}}},{"from":[8.5,0,7],"to":[11.5,5,7],"faces":{"north":{"uv":[12,11,9,16],"texture":"#0"},"south":{"uv":[9,11,12,16],"texture":"#0"}}},{"from":[8,0,7.35],"to":[8,5,10.35],"faces":{"east":{"uv":[12,11,9,16],"texture":"#0"},"west":{"uv":[9,11,12,16],"texture":"#0"}}},{"from":[8,0,3.6],"to":[8,5,6.6],"faces":{"east":{"uv":[7,11,4,16],"texture":"#0"},"west":{"uv":[4,11,7,16],"texture":"#0"}}},{"from":[7,5.025,6],"to":[9,5.025,8],"faces":{"up":{"uv":[7,8,9,10],"texture":"#0"},"down":{"uv":[8,8,10,10],"texture":"#0"}}},{"from":[9.2,1.975,6],"to":[9.2,3.975,8],"rotation":{"angle":22.5,"axis":"z","origin":[0.5,-2,-0.5]},"faces":{"east":{"uv":[7,8,9,10],"rotation":270,"texture":"#0"},"west":{"uv":[6,8,8,10],"rotation":270,"texture":"#0"}}},{"from":[5.6,8.075,6],"to":[5.6,10.075,8],"rotation":{"angle":-22.5,"axis":"z","origin":[-0.5,-2,-0.5]},"faces":{"east":{"uv":[8,8,10,10],"rotation":270,"texture":"#0"},"west":{"uv":[8,8,10,10],"rotation":270,"texture":"#0"}}},{"from":[8,5,6.5],"to":[8,7,7.5],"rotation":{"angle":45,"axis":"y","origin":[8,-2,7]},"faces":{"east":{"uv":[9,8,10,10],"texture":"#0"},"west":{"uv":[8,8,9,10],"texture":"#0"}}},{"from":[8,5,6.5],"to":[8,7,7.5],"rotation":{"angle":-45,"axis":"y","origin":[8,-2,7]},"faces":{"east":{"uv":[9,8,10,10],"texture":"#0"},"west":{"uv":[9,8,10,10],"texture":"#0"}}},{"from":[7,5.025,8],"to":[9,7.025,8],"rotation":{"angle":22.5,"axis":"x","origin":[8,5.025,8]},"faces":{"north":{"uv":[7,8,9,10],"rotation":180,"texture":"#0"},"south":{"uv":[8,8,10,10],"texture":"#0"}}},{"from":[10,0,10],"to":[12,7,12],"faces":{"north":{"uv":[7,11,9,16],"texture":"#0"},"east":{"uv":[7,11,9,16],"texture":"#0"},"south":{"uv":[7,11,9,16],"texture":"#0"},"west":{"uv":[7,11,9,16],"texture":"#0"},"up":{"uv":[7,11,9,13],"texture":"#0"},"down":{"uv":[7,14,9,16],"texture":"#0"}}},{"from":[7,0,11],"to":[10,6,11],"faces":{"north":{"uv":[9,11,12,16],"texture":"#0"},"south":{"uv":[12,11,9,16],"texture":"#0"}}},{"from":[12,0,11],"to":[15,5,11],"faces":{"north":{"uv":[12,11,9,16],"texture":"#0"},"south":{"uv":[9,11,12,16],"texture":"#0"}}},{"from":[11,0,12.1],"to":[11,5,15.1],"faces":{"east":{"uv":[12,11,9,16],"texture":"#0"},"west":{"uv":[9,11,12,16],"texture":"#0"}}},{"from":[11,0,7.1],"to":[11,5,10.1],"faces":{"east":{"uv":[7,11,4,16],"texture":"#0"},"west":{"uv":[4,11,7,16],"texture":"#0"}}},{"from":[9.5,7.025,9.5],"to":[12.5,7.025,12.5],"faces":{"up":{"uv":[6,8,9,11],"texture":"#0"},"down":{"uv":[7,8,10,11],"texture":"#0"}}},{"from":[9.5,-1.75,14.675],"to":[12.5,-1.75,17.675],"rotation":{"angle":-45,"axis":"x","origin":[3,0,3]},"faces":{"up":{"uv":[7,8,10,11],"texture":"#0"},"down":{"uv":[7,8,10,11],"texture":"#0"}}},{"from":[9.5,9.6,-0.3],"to":[12.5,9.6,2.7],"rotation":{"angle":45,"axis":"x","origin":[3,0,3]},"faces":{"up":{"uv":[7,8,10,11],"texture":"#0"},"down":{"uv":[7,8,10,11],"texture":"#0"}}},{"from":[11.7,3.975,9.5],"to":[11.7,6.975,12.5],"rotation":{"angle":22.5,"axis":"z","origin":[3,0,3]},"faces":{"east":{"uv":[7,8,10,11],"rotation":270,"texture":"#0"},"west":{"uv":[6,8,9,11],"rotation":270,"texture":"#0"}}},{"from":[9.1,10.075,9.5],"to":[9.1,13.075,12.5],"rotation":{"angle":-22.5,"axis":"z","origin":[3,0,3]},"faces":{"east":{"uv":[6,8,9,11],"rotation":270,"texture":"#0"},"west":{"uv":[6,8,9,11],"rotation":270,"texture":"#0"}}},{"from":[11,7,10.5],"to":[11,9,11.5],"rotation":{"angle":45,"axis":"y","origin":[11,0,11]},"faces":{"east":{"uv":[9,8,10,10],"texture":"#0"},"west":{"uv":[8,8,9,10],"texture":"#0"}}},{"from":[11,7,10.5],"to":[11,9,11.5],"rotation":{"angle":-45,"axis":"y","origin":[11,0,11]},"faces":{"east":{"uv":[9,8,10,10],"texture":"#0"},"west":{"uv":[9,8,10,10],"texture":"#0"}}}]}