{"parent":"minecraft:block/cross","textures":{"cross":"block/dead_bubble_coral_block"},"elements":[{"from":[11,0,11],"to":[14,3,14],"faces":{"north":{"uv":[6,11,9,14],"texture":"#cross"},"east":{"uv":[6,11,9,14],"texture":"#cross"},"south":{"uv":[6,11,9,14],"texture":"#cross"},"west":{"uv":[6,11,9,14],"texture":"#cross"},"up":{"uv":[6,12,9,15],"texture":"#cross"},"down":{"uv":[6,11,9,14],"texture":"#cross","cullface":"down"}}},{"from":[14,3,12],"to":[15,6,15],"faces":{"north":{"uv":[2,9,3,12],"texture":"#cross"},"east":{"uv":[2,9,5,12],"texture":"#cross"},"south":{"uv":[2,9,3,12],"texture":"#cross"},"west":{"uv":[2,9,5,12],"texture":"#cross"},"up":{"uv":[2,9,5,10],"rotation":90,"texture":"#cross"},"down":{"uv":[2,11,5,12],"rotation":90,"texture":"#cross"}}},{"from":[13,3,12],"to":[14,6,13],"faces":{"north":{"uv":[2,7,3,10],"texture":"#cross"},"east":{"uv":[2,7,3,10],"texture":"#cross"},"south":{"uv":[3,9,4,12],"texture":"#cross"},"up":{"uv":[2,7,3,8],"texture":"#cross"},"down":{"uv":[2,7,3,8],"texture":"#cross"}}},{"from":[13,3,14],"to":[14,6,15],"faces":{"north":{"uv":[2,7,3,10],"texture":"#cross"},"east":{"uv":[2,7,3,10],"texture":"#cross"},"south":{"uv":[3,9,4,12],"texture":"#cross"},"up":{"uv":[2,7,3,8],"texture":"#cross"},"down":{"uv":[2,7,3,8],"texture":"#cross"}}},{"from":[12,3,12],"to":[13,6,15],"faces":{"north":{"uv":[7,3,8,6],"texture":"#cross"},"east":{"uv":[7,3,10,6],"texture":"#cross"},"south":{"uv":[9,3,10,6],"texture":"#cross"},"west":{"uv":[7,3,10,6],"texture":"#cross"},"up":{"uv":[7,3,10,4],"rotation":90,"texture":"#cross"},"down":{"uv":[7,5,10,6],"rotation":90,"texture":"#cross"}}},{"from":[10,3,1],"to":[11,6,4],"faces":{"north":{"uv":[2,9,3,12],"texture":"#cross"},"east":{"uv":[2,9,5,12],"texture":"#cross"},"south":{"uv":[2,9,3,12],"texture":"#cross"},"west":{"uv":[2,9,5,12],"texture":"#cross"},"up":{"uv":[2,9,5,10],"rotation":90,"texture":"#cross"},"down":{"uv":[2,11,5,12],"rotation":90,"texture":"#cross"}}},{"from":[9,3,1],"to":[10,6,2],"faces":{"north":{"uv":[2,7,3,10],"texture":"#cross"},"east":{"uv":[2,7,3,10],"texture":"#cross"},"south":{"uv":[3,9,4,12],"texture":"#cross"},"up":{"uv":[2,7,3,8],"texture":"#cross"},"down":{"uv":[2,7,3,8],"texture":"#cross"}}},{"from":[9,3,3],"to":[10,6,4],"faces":{"north":{"uv":[2,7,3,10],"texture":"#cross"},"east":{"uv":[2,7,3,10],"texture":"#cross"},"south":{"uv":[3,9,4,12],"texture":"#cross"},"up":{"uv":[2,7,3,8],"texture":"#cross"},"down":{"uv":[2,7,3,8],"texture":"#cross"}}},{"from":[8,3,1],"to":[9,6,4],"faces":{"north":{"uv":[7,3,8,6],"texture":"#cross"},"east":{"uv":[7,3,10,6],"texture":"#cross"},"south":{"uv":[9,3,10,6],"texture":"#cross"},"west":{"uv":[7,3,10,6],"texture":"#cross"},"up":{"uv":[7,3,10,4],"rotation":90,"texture":"#cross"},"down":{"uv":[7,5,10,6],"rotation":90,"texture":"#cross"}}},{"from":[9,0,2],"to":[12,3,5],"faces":{"north":{"uv":[12,9,15,12],"texture":"#cross"},"east":{"uv":[12,9,15,12],"texture":"#cross"},"south":{"uv":[12,9,15,12],"texture":"#cross"},"west":{"uv":[12,9,15,12],"texture":"#cross"},"up":{"uv":[12,9,15,12],"texture":"#cross"},"down":{"uv":[12,9,15,12],"texture":"#cross","cullface":"down"}}},{"from":[7,0,9],"to":[8,5,13],"faces":{"north":{"uv":[1,2,2,7],"texture":"#cross"},"east":{"uv":[1,2,5,7],"texture":"#cross"},"south":{"uv":[4,2,5,7],"texture":"#cross"},"west":{"uv":[1,2,5,7],"texture":"#cross"},"up":{"uv":[1,2,5,3],"rotation":90,"texture":"#cross"},"down":{"uv":[1,6,5,7],"rotation":90,"texture":"#cross","cullface":"down"}}},{"from":[10,0,9],"to":[11,5,13],"faces":{"north":{"uv":[1,5,2,10],"texture":"#cross"},"east":{"uv":[1,5,5,10],"texture":"#cross"},"south":{"uv":[4,5,5,10],"texture":"#cross"},"west":{"uv":[1,5,5,10],"texture":"#cross"},"up":{"uv":[1,5,5,6],"rotation":90,"texture":"#cross"},"down":{"uv":[1,9,5,10],"rotation":90,"texture":"#cross","cullface":"down"}}},{"from":[8,0,9],"to":[10,5,10],"faces":{"north":{"uv":[7,3,9,8],"texture":"#cross"},"south":{"uv":[7,3,9,8],"texture":"#cross"},"up":{"uv":[7,3,9,4],"texture":"#cross"},"down":{"uv":[7,7,9,8],"texture":"#cross","cullface":"down"}}},{"from":[8,0,12],"to":[10,5,13],"faces":{"north":{"uv":[2,4,4,9],"texture":"#cross"},"south":{"uv":[2,4,4,9],"texture":"#cross"},"up":{"uv":[2,4,4,5],"texture":"#cross"},"down":{"uv":[2,8,4,9],"texture":"#cross","cullface":"down"}}},{"from":[8,0,10],"to":[10,1,12],"faces":{"up":{"uv":[13,2,15,4],"texture":"#cross"},"down":{"uv":[13,2,15,4],"texture":"#cross","cullface":"down"}}},{"from":[13,0,5],"to":[14,14,9],"faces":{"north":{"uv":[3,2,4,16],"texture":"#cross"},"east":{"uv":[0,2,4,16],"texture":"#cross"},"south":{"uv":[0,2,1,16],"texture":"#cross"},"west":{"uv":[0,2,4,16],"texture":"#cross"},"up":{"uv":[0,2,4,3],"rotation":90,"texture":"#cross"},"down":{"uv":[0,15,4,16],"rotation":90,"texture":"#cross","cullface":"down"}}},{"from":[10,0,5],"to":[13,14,6],"faces":{"north":{"uv":[1,2,4,16],"texture":"#cross"},"south":{"uv":[1,2,4,16],"texture":"#cross"},"up":{"uv":[1,2,4,3],"texture":"#cross"},"down":{"uv":[1,15,4,16],"texture":"#cross","cullface":"down"}}},{"from":[10,0,6],"to":[13,1,8],"faces":{"up":{"uv":[12,2,15,4],"texture":"#cross"},"down":{"uv":[12,2,15,4],"texture":"#cross","cullface":"down"}}},{"from":[10,0,8],"to":[13,14,9],"faces":{"north":{"uv":[1,2,4,16],"texture":"#cross"},"south":{"uv":[1,2,4,16],"texture":"#cross"},"up":{"uv":[1,2,4,3],"texture":"#cross"},"down":{"uv":[1,15,4,16],"texture":"#cross","cullface":"down"}}},{"from":[9,0,5],"to":[10,14,9],"faces":{"north":{"uv":[1,2,2,16],"texture":"#cross"},"east":{"uv":[1,2,5,16],"texture":"#cross"},"south":{"uv":[4,2,5,16],"texture":"#cross"},"west":{"uv":[1,2,5,16],"texture":"#cross"},"up":{"uv":[1,2,5,3],"rotation":90,"texture":"#cross"},"down":{"uv":[1,15,5,16],"rotation":90,"texture":"#cross","cullface":"down"}}},{"from":[5,0,8],"to":[6,12,9],"faces":{"north":{"uv":[9,4,10,16],"texture":"#cross"},"south":{"uv":[9,4,10,16],"texture":"#cross"},"up":{"uv":[9,4,10,5],"texture":"#cross"},"down":{"uv":[9,15,10,16],"texture":"#cross","cullface":"down"}}},{"from":[5,0,10],"to":[6,12,11],"faces":{"north":{"uv":[8,4,9,16],"texture":"#cross"},"south":{"uv":[8,4,9,16],"texture":"#cross"},"up":{"uv":[8,4,9,5],"texture":"#cross"},"down":{"uv":[8,15,9,16],"texture":"#cross","cullface":"down"}}},{"from":[5,0,9],"to":[6,1,10],"faces":{"up":{"uv":[13,2,14,3],"texture":"#cross"},"down":{"uv":[13,2,14,3],"texture":"#cross","cullface":"down"}}},{"from":[6,0,8],"to":[7,12,11],"faces":{"north":{"uv":[7,4,8,16],"texture":"#cross"},"east":{"uv":[7,4,10,16],"texture":"#cross"},"south":{"uv":[9,4,10,16],"texture":"#cross"},"west":{"uv":[7,4,10,16],"texture":"#cross"},"up":{"uv":[7,4,10,5],"rotation":90,"texture":"#cross"},"down":{"uv":[7,15,10,16],"rotation":90,"texture":"#cross","cullface":"down"}}},{"from":[4,0,8],"to":[5,12,11],"faces":{"north":{"uv":[8,4,9,16],"texture":"#cross"},"east":{"uv":[6,4,9,16],"texture":"#cross"},"south":{"uv":[6,4,7,16],"texture":"#cross"},"west":{"uv":[6,4,9,16],"texture":"#cross"},"up":{"uv":[6,4,9,5],"rotation":90,"texture":"#cross"},"down":{"uv":[6,15,9,16],"rotation":90,"texture":"#cross","cullface":"down"}}},{"from":[5,0,4],"to":[6,9,8],"faces":{"north":{"uv":[1,7,2,16],"texture":"#cross"},"east":{"uv":[1,7,5,16],"texture":"#cross"},"west":{"uv":[1,7,5,16],"texture":"#cross"},"up":{"uv":[1,7,5,8],"rotation":90,"texture":"#cross"},"down":{"uv":[1,15,5,16],"rotation":90,"texture":"#cross","cullface":"down"}}},{"from":[8,0,4],"to":[9,9,8],"faces":{"north":{"uv":[4,7,5,16],"texture":"#cross"},"east":{"uv":[1,7,5,16],"texture":"#cross"},"south":{"uv":[1,7,2,16],"texture":"#cross"},"west":{"uv":[1,7,5,16],"texture":"#cross"},"up":{"uv":[1,7,5,8],"rotation":90,"texture":"#cross"},"down":{"uv":[1,15,5,16],"rotation":90,"texture":"#cross","cullface":"down"}}},{"from":[6,0,4],"to":[8,9,5],"faces":{"north":{"uv":[8,7,10,16],"texture":"#cross"},"south":{"uv":[8,7,10,16],"texture":"#cross"},"up":{"uv":[8,7,10,8],"texture":"#cross"},"down":{"uv":[8,15,10,16],"texture":"#cross","cullface":"down"}}},{"from":[6,1,7],"to":[8,9,8],"faces":{"north":{"uv":[7,2,9,10],"texture":"#cross"},"south":{"uv":[7,2,9,10],"texture":"#cross"},"up":{"uv":[7,2,9,3],"texture":"#cross"}}},{"from":[6,0,5],"to":[8,1,8],"faces":{"up":{"uv":[12,1,14,4],"texture":"#cross"},"down":{"uv":[12,1,14,4],"texture":"#cross","cullface":"down"}}}]}