{
	"credit": "Butter did something here",
	"ambientocclusion": false,
	"textures": {
		"particle": "block/iron_bars",
		"edge": "block/iron_bars"
	},
	"elements": [
		{
			"name": "Lonk Skinny",
			"from": [7.5, 0.01, 8],
			"to": [8.5, 15.99, 9],
			"rotation": {"angle": 0, "axis": "y", "origin": [8, 5.5, 12.25]},
			"faces": {
				"north": {"uv": [7, 0, 8, 16], "texture": "#edge"},
				"east": {"uv": [7, 0, 8, 16], "texture": "#edge"},
				"south": {"uv": [7, 0, 8, 16], "texture": "#edge"},
				"west": {"uv": [7, 0, 8, 16], "texture": "#edge"}
			}
		},
		{
			"name": "Smol",
			"from": [7.5, 12, 9],
			"to": [8.5, 14, 12],
			"rotation": {"angle": 0, "axis": "y", "origin": [8, 5.5, 12.25]},
			"faces": {
				"east": {"uv": [4, 2, 7, 4], "texture": "#edge"},
				"south": {"uv": [0, 0, 1, 2], "texture": "#edge"},
				"west": {"uv": [4, 2, 7, 4], "texture": "#edge"},
				"up": {"uv": [3, 2, 4, 5], "rotation": 180, "texture": "#edge"},
				"down": {"uv": [3, 2, 4, 5], "rotation": 180, "texture": "#edge"}
			}
		},
		{
			"name": "Tall",
			"from": [7.5, 0.01, 12],
			"to": [8.5, 15.99, 14],
			"rotation": {"angle": 0, "axis": "y", "origin": [8, 5.5, 12.25]},
			"faces": {
				"north": {"uv": [8, 0, 9, 16], "texture": "#edge"},
				"east": {"uv": [2, 0, 4, 16], "texture": "#edge"},
				"south": {"uv": [8, 0, 9, 16], "texture": "#edge"},
				"west": {"uv": [2, 0, 4, 16], "texture": "#edge"},
				"up": {"uv": [8, 14, 9, 16], "rotation": 180, "texture": "#edge"},
				"down": {"uv": [8, 16, 9, 14], "rotation": 180, "texture": "#edge"}
			}
		},
		{
			"name": "Smol 2",
			"from": [7.5, 7, 14],
			"to": [8.5, 9, 16],
			"rotation": {"angle": 0, "axis": "y", "origin": [8, 5.5, 12.25]},
			"faces": {
				"east": {"uv": [0, 7, 2, 9], "texture": "#edge"},
				"south": {"uv": [2, 7, 3, 9], "texture": "#edge"},
				"west": {"uv": [0, 7, 2, 9], "texture": "#edge"},
				"up": {"uv": [2, 7, 3, 9], "rotation": 180, "texture": "#edge"},
				"down": {"uv": [3, 7, 4, 9], "rotation": 180, "texture": "#edge"}
			}
		},
		{
			"name": "Top",
			"from": [7, 15.499, 9],
			"to": [9, 15.999, 16],
			"faces": {
				"east": {"uv": [8, 9, 9, 10], "texture": "#edge"},
				"west": {"uv": [8, 9, 9, 10], "texture": "#edge"},
				"up": {"uv": [7, 9, 9, 16], "texture": "#edge"},
				"down": {"uv": [9, 9, 7, 16], "texture": "#edge"}
			}
		},
		{
			"name": "Bottom",
			"from": [7, 0.001, 9],
			"to": [9, 0.501, 16],
			"faces": {
				"east": {"uv": [8, 9, 9, 10], "texture": "#edge"},
				"west": {"uv": [8, 9, 9, 10], "texture": "#edge"},
				"up": {"uv": [7, 9, 9, 16], "texture": "#edge"},
				"down": {"uv": [9, 9, 7, 16], "texture": "#edge"}
			}
		}
	],
	"groups": [
		{
			"name": "Iron Bar Side",
			"origin": [8, 8, 8],
			"color": 0,
			"children": [0, 1, 2, 3]
		},
		{
			"name": "Perimeter",
			"origin": [8, 8, 8],
			"color": 0,
			"children": [4, 5]
		}
	]
}