{
	"credit": "Butter did something here",
	"ambientocclusion": false,
	"textures": {
		"particle": "block/iron_bars",
		"edge": "block/iron_bars"
	},
	"elements": [
		{
			"from": [7, 0.001, 7],
			"to": [9, 0.501, 9],
			"faces": {
				"north": {"uv": [7, 15, 9, 16], "texture": "#edge"},
				"east": {"uv": [7, 15, 9, 16], "texture": "#edge"},
				"south": {"uv": [7, 15, 9, 16], "texture": "#edge"},
				"west": {"uv": [7, 16, 9, 15], "texture": "#edge"},
				"up": {"uv": [7, 7, 9, 9], "texture": "#edge"},
				"down": {"uv": [7, 7, 9, 9], "texture": "#edge"}
			}
		},
		{
			"from": [7, 15.499, 7],
			"to": [9, 15.999, 9],
			"faces": {
				"north": {"uv": [7, 0, 9, 1], "texture": "#edge"},
				"east": {"uv": [7, 0, 9, 1], "texture": "#edge"},
				"south": {"uv": [7, 0, 9, 1], "texture": "#edge"},
				"west": {"uv": [7, 0, 9, 1], "texture": "#edge"},
				"up": {"uv": [7, 7, 9, 9], "texture": "#edge"},
				"down": {"uv": [7, 7, 9, 9], "texture": "#edge"}
			}
		}
	]
}