{
        "head.hiiki":{"sounds":["conx:gamer_1","conx:gamer_2","conx:gamer_3","conx:gamer_4","conx:gamer_5"]},
        "scream.tf_mge.music":{"sounds":["conx:tf_mge_music"]},
        "scream.flashbang":{"sounds":["conx:flashbang"]},
        "scream.i_see_you":{"sounds":["conx:i_see_you"]},
        "scream.doors":{"sounds":["conx:doors"]},
        "scream.discord.leave":{"sounds":["conx:discord_leave"]},
        "scream.discord.notification":{"sounds":["conx:discord_notification"]},
        "scream.discord.sounds":{"sounds":["conx:discord_sounds"]},
        "scream.windows_usb.on":{"sounds":["conx:windows_usb_on"]},
        "scream.windows_usb.off":{"sounds":["conx:windows_usb_off"]}
}