{
    "providers": [
		{"type": "bitmap","file": "conx:gui/berd.png","ascent": 71,"height": 142,"chars": ["\uE003"]},
		{"type": "bitmap","file": "conx:gui/ft2_mge_1.png","ascent": 71,"height": 142,"chars": ["\uE011"]},
		{"type": "bitmap","file": "conx:gui/ft2_mge_2.png","ascent": 71,"height": 142,"chars": ["\uE012"]},
		{"type": "bitmap","file": "conx:gui/ft2_mge_3.png","ascent": 71,"height": 142,"chars": ["\uE013"]},
		{"type": "bitmap","file": "conx:gui/ft2_mge_4.png","ascent": 71,"height": 142,"chars": ["\uE014"]},
		{"type": "bitmap","file": "conx:gui/screen_black.png","ascent": 142,"height": 256,"chars": ["\uE010"]},
		{"type": "bitmap","file": "conx:gui/screen_white.png","ascent": 142,"height": 256,"chars": ["\uE020"]}
	]
}