{
  "variants": {
    "": [
      {"model": "block/brown_mushroom/brown_mushroom", "weight": 10},
      {"model": "block/brown_mushroom/brown_mushroom", "weight": 10,       "y": 90},
      {"model": "block/brown_mushroom/brown_mushroom", "weight": 10,       "y": 180},
      {"model": "block/brown_mushroom/brown_mushroom", "weight": 10,       "y": 270},

      {"model": "block/brown_mushroom/brown_mushroom_2", "weight": 10},
      {"model": "block/brown_mushroom/brown_mushroom_2", "weight": 10,     "y": 90},
      {"model": "block/brown_mushroom/brown_mushroom_2", "weight": 10,     "y": 180},
      {"model": "block/brown_mushroom/brown_mushroom_2", "weight": 10,     "y": 270},

      {"model": "block/brown_mushroom/brown_mushroom_3", "weight": 10},
      {"model": "block/brown_mushroom/brown_mushroom_3", "weight": 10,     "y": 90},
      {"model": "block/brown_mushroom/brown_mushroom_3", "weight": 10,     "y": 180},
      {"model": "block/brown_mushroom/brown_mushroom_3", "weight": 10,     "y": 270},

      {"model": "block/brown_mushroom/brown_mushroom_4", "weight": 10},
      {"model": "block/brown_mushroom/brown_mushroom_4", "weight": 10,     "y": 90},
      {"model": "block/brown_mushroom/brown_mushroom_4", "weight": 10,     "y": 180},
      {"model": "block/brown_mushroom/brown_mushroom_4", "weight": 10,     "y": 270},

      {"model": "block/brown_mushroom/brown_mushroom_5", "weight": 3},
      {"model": "block/brown_mushroom/brown_mushroom_5", "weight": 3,      "y": 90},
      {"model": "block/brown_mushroom/brown_mushroom_5", "weight": 3,      "y": 180},
      {"model": "block/brown_mushroom/brown_mushroom_5", "weight": 3,      "y": 270},

      {"model": "block/brown_mushroom/brown_mushroom_6", "weight": 4},
      {"model": "block/brown_mushroom/brown_mushroom_6", "weight": 4,      "y": 90},
      {"model": "block/brown_mushroom/brown_mushroom_6", "weight": 4,      "y": 180},
      {"model": "block/brown_mushroom/brown_mushroom_6", "weight": 4,      "y": 270},

      {"model": "block/brown_mushroom/brown_mushroom_7", "weight": 10},
      {"model": "block/brown_mushroom/brown_mushroom_7", "weight": 10,      "y": 90},
      {"model": "block/brown_mushroom/brown_mushroom_7", "weight": 10,      "y": 180},
      {"model": "block/brown_mushroom/brown_mushroom_7", "weight": 10,      "y": 270},

      {"model": "block/brown_mushroom/brown_mushroom_8", "weight": 10},
      {"model": "block/brown_mushroom/brown_mushroom_8", "weight": 10,      "y": 90},
      {"model": "block/brown_mushroom/brown_mushroom_8", "weight": 10,      "y": 180},
      {"model": "block/brown_mushroom/brown_mushroom_8", "weight": 10,      "y": 270},

      {"model": "block/brown_mushroom/brown_mushroom_9", "weight": 4},
      {"model": "block/brown_mushroom/brown_mushroom_9", "weight": 4,      "y": 90},
      {"model": "block/brown_mushroom/brown_mushroom_9", "weight": 4,      "y": 180},
      {"model": "block/brown_mushroom/brown_mushroom_9", "weight": 4,      "y": 270},

      {"model": "block/brown_mushroom/brown_mushroom_10", "weight": 6},
      {"model": "block/brown_mushroom/brown_mushroom_10", "weight": 6,      "y": 90},
      {"model": "block/brown_mushroom/brown_mushroom_10", "weight": 6,      "y": 180},
      {"model": "block/brown_mushroom/brown_mushroom_10", "weight": 6,      "y": 270},
      
      {"model": "block/brown_mushroom/brown_mushroom_11", "weight": 6},
      {"model": "block/brown_mushroom/brown_mushroom_11", "weight": 6,      "y": 90},
      {"model": "block/brown_mushroom/brown_mushroom_11", "weight": 6,      "y": 180},
      {"model": "block/brown_mushroom/brown_mushroom_11", "weight": 6,      "y": 270},

      {"model": "block/brown_mushroom/brown_mushroom_12", "weight": 1},
      {"model": "block/brown_mushroom/brown_mushroom_12", "weight": 1,      "y": 90},
      {"model": "block/brown_mushroom/brown_mushroom_12", "weight": 1,      "y": 180},
      {"model": "block/brown_mushroom/brown_mushroom_12", "weight": 1,      "y": 270},

      {"model": "block/brown_mushroom/brown_mushroom_13", "weight": 6},
      {"model": "block/brown_mushroom/brown_mushroom_13", "weight": 6,      "y": 90},
      {"model": "block/brown_mushroom/brown_mushroom_13", "weight": 6,      "y": 180},
      {"model": "block/brown_mushroom/brown_mushroom_13", "weight": 6,      "y": 270},

      {"model": "block/brown_mushroom/brown_mushroom_14", "weight": 3},
      {"model": "block/brown_mushroom/brown_mushroom_14", "weight": 3,      "y": 90},
      {"model": "block/brown_mushroom/brown_mushroom_14", "weight": 3,      "y": 180},
      {"model": "block/brown_mushroom/brown_mushroom_14", "weight": 3,      "y": 270}
      ]
  }
}