{
  "variants": {
    "": [
      {"model": "block/red_mushroom/red_mushroom", "weight": 10},
      {"model": "block/red_mushroom/red_mushroom", "weight": 10,       "y": 90},
      {"model": "block/red_mushroom/red_mushroom", "weight": 10,       "y": 180},
      {"model": "block/red_mushroom/red_mushroom", "weight": 10,       "y": 270},

      {"model": "block/red_mushroom/red_mushroom_2", "weight": 8},
      {"model": "block/red_mushroom/red_mushroom_2", "weight": 8,       "y": 90},
      {"model": "block/red_mushroom/red_mushroom_2", "weight": 8,       "y": 180},
      {"model": "block/red_mushroom/red_mushroom_2", "weight": 8,       "y": 270},

      {"model": "block/red_mushroom/red_mushroom_3", "weight": 5},
      {"model": "block/red_mushroom/red_mushroom_3", "weight": 5,       "y": 90},
      {"model": "block/red_mushroom/red_mushroom_3", "weight": 5,       "y": 180},
      {"model": "block/red_mushroom/red_mushroom_3", "weight": 5,       "y": 270},
      
      {"model": "block/red_mushroom/red_mushroom_4", "weight": 3},
      {"model": "block/red_mushroom/red_mushroom_4", "weight": 3,       "y": 90},
      {"model": "block/red_mushroom/red_mushroom_4", "weight": 3,       "y": 180},
      {"model": "block/red_mushroom/red_mushroom_4", "weight": 3,       "y": 270},

      {"model": "block/red_mushroom/red_mushroom_5", "weight": 10},
      {"model": "block/red_mushroom/red_mushroom_5", "weight": 10,       "y": 90},
      {"model": "block/red_mushroom/red_mushroom_5", "weight": 10,       "y": 180},
      {"model": "block/red_mushroom/red_mushroom_5", "weight": 10,       "y": 270},

      {"model": "block/red_mushroom/red_mushroom_6", "weight": 10},
      {"model": "block/red_mushroom/red_mushroom_6", "weight": 10,       "y": 90},
      {"model": "block/red_mushroom/red_mushroom_6", "weight": 10,       "y": 180},
      {"model": "block/red_mushroom/red_mushroom_6", "weight": 10,       "y": 270},

      {"model": "block/red_mushroom/red_mushroom_7", "weight": 10},
      {"model": "block/red_mushroom/red_mushroom_7", "weight": 10,       "y": 90},
      {"model": "block/red_mushroom/red_mushroom_7", "weight": 10,       "y": 180},
      {"model": "block/red_mushroom/red_mushroom_7", "weight": 10,       "y": 270}
        ]
  }
}