{
	"credit": "Stardust did something here",
	"parent": "minecraft:block/template_trapdoor_bottom",
	"textures": {
		"1": "block/iron_door_sides",
		"particle": "block/iron_trapdoor",
		"1_texture": "block/iron_trapdoor"
	},
	"elements": [
		{
			"name": "coob",
			"from": [13, 13, 0],
			"to": [16, 16, 16],
			"rotation": {"angle": 0, "axis": "x", "origin": [8, 8.5, 8]},
			"faces": {
				"north": {"uv": [6, 0, 9, 3], "rotation": 270, "texture": "#1", "cullface": "north"},
				"east": {"uv": [3, 0, 6, 16], "rotation": 90, "texture": "#1", "cullface": "east"},
				"south": {"uv": [6, 13, 9, 16], "rotation": 270, "texture": "#1", "cullface": "south"},
				"west": {"uv": [6, 0, 9, 16], "rotation": 90, "texture": "#1"},
				"up": {"uv": [3, 0, 0, 16], "texture": "#1_texture"},
				"down": {"uv": [13, 0, 16, 16], "texture": "#1_texture"}
			}
		},
		{
			"name": "coob",
			"from": [3, 13, 0],
			"to": [13, 16, 3],
			"rotation": {"angle": 0, "axis": "y", "origin": [14.5, 1.5, 8]},
			"faces": {
				"north": {"uv": [6, 3, 9, 13], "rotation": 90, "texture": "#1", "cullface": "north"},
				"south": {"uv": [3, 3, 6, 13], "rotation": 90, "texture": "#1"},
				"up": {"uv": [3, 16, 13, 13], "texture": "#1_texture"},
				"down": {"uv": [3, 13, 13, 16], "texture": "#1_texture"}
			}
		},
		{
			"name": "coob",
			"from": [0, 13, 0],
			"to": [3, 16, 16],
			"rotation": {"angle": 0, "axis": "x", "origin": [8, 8.5, 8]},
			"faces": {
				"north": {"uv": [6, 13, 9, 16], "rotation": 270, "texture": "#1", "cullface": "north"},
				"east": {"uv": [6, 0, 9, 16], "rotation": 90, "texture": "#1"},
				"south": {"uv": [6, 0, 9, 3], "rotation": 270, "texture": "#1", "cullface": "south"},
				"west": {"uv": [3, 0, 6, 16], "rotation": 90, "texture": "#1", "cullface": "west"},
				"up": {"uv": [16, 0, 13, 16], "texture": "#1_texture"},
				"down": {"uv": [0, 0, 3, 16], "texture": "#1_texture"}
			}
		},
		{
			"name": "coob",
			"from": [3, 13, 13],
			"to": [13, 16, 16],
			"rotation": {"angle": 0, "axis": "x", "origin": [8, 8.5, 8]},
			"faces": {
				"north": {"uv": [6, 3, 9, 13], "rotation": 90, "texture": "#1"},
				"south": {"uv": [6, 3, 9, 13], "rotation": 90, "texture": "#1", "cullface": "south"},
				"up": {"uv": [3, 3, 13, 0], "texture": "#1_texture"},
				"down": {"uv": [3, 0, 13, 3], "texture": "#1_texture"}
			}
		},
		{
			"name": "coob",
			"from": [3, 13, 9],
			"to": [13, 16, 11],
			"rotation": {"angle": 0, "axis": "x", "origin": [8, 8.5, 9]},
			"faces": {
				"north": {"uv": [3, 5, 6, 15], "rotation": 90, "texture": "#1"},
				"south": {"uv": [6, 1, 9, 11], "rotation": 90, "texture": "#1"},
				"up": {"uv": [3, 5, 13, 7], "rotation": 180, "texture": "#1_texture"},
				"down": {"uv": [3, 5, 13, 7], "texture": "#1_texture"}
			}
		},
		{
			"name": "coob",
			"from": [3, 13, 5],
			"to": [13, 16, 7],
			"rotation": {"angle": 0, "axis": "x", "origin": [8, 8.5, 5]},
			"faces": {
				"north": {"uv": [3, 2, 6, 12], "rotation": 90, "texture": "#1"},
				"south": {"uv": [4, 2, 7, 12], "rotation": 90, "texture": "#1"},
				"up": {"uv": [3, 9, 13, 11], "rotation": 180, "texture": "#1_texture"},
				"down": {"uv": [3, 9, 13, 11], "texture": "#1_texture"}
			}
		},
		{
			"name": "coob",
			"from": [9, 13, 3],
			"to": [11, 16, 13],
			"rotation": {"angle": 0, "axis": "x", "origin": [9, 8.5, 8]},
			"faces": {
				"east": {"uv": [6, 5, 9, 15], "rotation": 90, "texture": "#1"},
				"west": {"uv": [3, 1, 6, 11], "rotation": 90, "texture": "#1"},
				"up": {"uv": [5, 3, 7, 13], "rotation": 180, "texture": "#1_texture"},
				"down": {"uv": [9, 3, 11, 13], "texture": "#1_texture"}
			}
		},
		{
			"name": "coob",
			"from": [5, 13, 3],
			"to": [7, 16, 13],
			"rotation": {"angle": 0, "axis": "x", "origin": [7, 8.5, 8]},
			"faces": {
				"east": {"uv": [3, 1, 6, 11], "rotation": 90, "texture": "#1"},
				"west": {"uv": [6, 3, 9, 13], "rotation": 90, "texture": "#1"},
				"up": {"uv": [9, 3, 11, 13], "rotation": 180, "texture": "#1_texture"},
				"down": {"uv": [5, 3, 7, 13], "texture": "#1_texture"}
			}
		}
	],
	"display": {
		"thirdperson_righthand": {
			"rotation": [75, 45, 0],
			"translation": [0, 2.5, 0],
			"scale": [0.375, 0.375, 0.375]
		},
		"thirdperson_lefthand": {
			"rotation": [75, 45, 0],
			"translation": [0, 2.5, 0],
			"scale": [0.375, 0.375, 0.375]
		},
		"firstperson_righthand": {
			"rotation": [0, 45, 0],
			"translation": [0, 4.25, 0.5],
			"scale": [0.4, 0.4, 0.4]
		},
		"firstperson_lefthand": {
			"rotation": [0, 45, 0],
			"translation": [0, 4.25, 0.5],
			"scale": [0.4, 0.4, 0.4]
		},
		"ground": {
			"translation": [0, -1, 0],
			"scale": [0.25, 0.25, 0.25]
		},
		"gui": {
			"rotation": [30, 225, 0],
			"scale": [0.625, 0.625, 0.625]
		},
		"head": {
			"translation": [0, 13.75, 0.5]
		},
		"fixed": {
			"scale": [0.5, 0.5, 0.5]
		}
	},
	"groups": [
		{
			"name": "iron trapdoor",
			"origin": [8, 14.5, 8],
			"color": 0,
			"children": [0, 1, 2, 3, 4, 5, 6, 7]
		}
	]
}