{
	"credit": "Butter did something here",
	"ambientocclusion": false,
	"textures": {
		"1": "block/crimson_door_bottom_left",
		"2": "block/crimson_door_sides",
		"3": "block/crimson_door_bottom_right",
		"particle": "block/crimson_door_bottom_left"
	},
	"elements": [
		{
			"name": "Lonk",
			"from": [0, 5, 0.05],
			"to": [3, 12, 15.95],
			"rotation": {"angle": 0, "axis": "y", "origin": [1.5, 11.75, 8]},
			"faces": {
				"north": {"uv": [6, 4, 9, 11], "texture": "#2"},
				"east": {"uv": [0, 4, 16, 11], "texture": "#1"},
				"south": {"uv": [9, 4, 12, 11], "texture": "#2"},
				"west": {"uv": [0, 4, 16, 11], "texture": "#3", "cullface": "west"},
				"up": {"uv": [0, 4, 16, 5], "rotation": 270, "texture": "#1"},
				"down": {"uv": [0, 10, 16, 11], "rotation": 270, "texture": "#1"}
			}
		},
		{
			"name": "Plank 1",
			"from": [0.3, 0, 12],
			"to": [2.7, 16, 16],
			"rotation": {"angle": 0, "axis": "y", "origin": [1.5, 11.75, 8]},
			"faces": {
				"north": {"uv": [2, 0, 4, 16], "texture": "#1"},
				"east": {"uv": [0, 0, 4, 16], "texture": "#1"},
				"south": {"uv": [9, 0, 12, 16], "texture": "#2", "cullface": "south"},
				"west": {"uv": [12, 0, 16, 16], "texture": "#3"},
				"down": {"uv": [9, 12, 12, 16], "rotation": 180, "texture": "#2", "cullface": "down"}
			}
		},
		{
			"name": "Plank 2",
			"from": [1, 0, 11],
			"to": [2, 16, 12],
			"rotation": {"angle": 0, "axis": "y", "origin": [1.5, 11.75, 8]},
			"faces": {
				"east": {"uv": [4, 0, 5, 16], "texture": "#1"},
				"west": {"uv": [11, 0, 12, 16], "texture": "#3"},
				"down": {"uv": [10, 11, 11, 12], "texture": "#2", "cullface": "down"}
			}
		},
		{
			"name": "Plank 3",
			"from": [1, 0, 4],
			"to": [2, 16, 5],
			"rotation": {"angle": 0, "axis": "y", "origin": [1.5, 11.75, 8]},
			"faces": {
				"east": {"uv": [4, 0, 5, 16], "texture": "#1"},
				"west": {"uv": [11, 0, 12, 16], "texture": "#3"},
				"down": {"uv": [7, 4, 8, 5], "texture": "#2", "cullface": "down"}
			}
		},
		{
			"name": "Plank 2",
			"from": [0.3, 0, 5],
			"to": [2.7, 16, 11],
			"rotation": {"angle": 0, "axis": "y", "origin": [1.5, 11.75, 8]},
			"faces": {
				"north": {"uv": [9, 0, 11, 16], "texture": "#1"},
				"east": {"uv": [5, 0, 11, 16], "texture": "#1"},
				"south": {"uv": [5, 0, 7, 16], "texture": "#1"},
				"west": {"uv": [5, 0, 11, 16], "texture": "#3"},
				"down": {"uv": [9, 5, 6, 11], "rotation": 180, "texture": "#2", "cullface": "down"}
			}
		},
		{
			"name": "Plank 3",
			"from": [0.3, 0, 0],
			"to": [2.7, 16, 4],
			"rotation": {"angle": 0, "axis": "y", "origin": [1.5, 11.75, 8]},
			"faces": {
				"north": {"uv": [6, 0, 9, 16], "texture": "#2", "cullface": "north"},
				"east": {"uv": [12, 0, 16, 16], "texture": "#1"},
				"south": {"uv": [12, 0, 14, 16], "texture": "#1"},
				"west": {"uv": [0, 0, 4, 16], "texture": "#3"},
				"down": {"uv": [6, 0, 9, 4], "rotation": 180, "texture": "#2", "cullface": "down"}
			}
		},
		{
			"name": "Door Ring",
			"from": [0, 15, 2],
			"to": [0.3, 16, 5],
			"rotation": {"angle": 0, "axis": "y", "origin": [1.5, 11.75, 8]},
			"faces": {
				"north": {"uv": [11, 0, 12, 1], "texture": "#1"},
				"east": {"uv": [11, 0, 12, 1], "texture": "#1"},
				"south": {"uv": [13, 0, 14, 1], "texture": "#1"},
				"west": {"uv": [11, 0, 12, 1], "texture": "#1", "cullface": "west"},
				"up": {"uv": [11, 0, 14, 1], "rotation": 180, "texture": "#1"},
				"down": {"uv": [11, 0, 14, 1], "rotation": 180, "texture": "#1"}
			}
		},
		{
			"name": "Door Ring",
			"from": [2.7, 15, 2],
			"to": [3, 16, 5],
			"rotation": {"angle": 0, "axis": "y", "origin": [1.5, 11.75, 8]},
			"faces": {
				"north": {"uv": [11, 0, 12, 1], "texture": "#1"},
				"east": {"uv": [11, 0, 14, 1], "texture": "#1"},
				"south": {"uv": [11, 0, 12, 1], "texture": "#1"},
				"west": {"uv": [11, 0, 12, 1], "texture": "#1"},
				"up": {"uv": [11, 0, 14, 1], "texture": "#1"},
				"down": {"uv": [11, 0, 12, 1], "texture": "#1"}
			}
		}
	],
	"groups": [
		{
			"name": "crimson_door_top",
			"origin": [0, 0, 0],
			"color": 0,
			"children": [0, 1, 2, 3, 4, 5, 6, 7]
		}
	]
}