{
	"credit": "Stardust did something here",
	"parent": "block/thin_block",
	"textures": {
		"1": "block/crimson_door_sides",
		"particle": "block/crimson_trapdoor",
		"1_texture": "block/crimson_trapdoor"
	},
	"elements": [
		{
			"from": [3, 13, 13],
			"to": [13, 16, 16],
			"rotation": {"angle": 0, "axis": "x", "origin": [8, 1.5, 8]},
			"faces": {
				"north": {"uv": [3, 13, 13, 16], "rotation": 180, "texture": "#1_texture"},
				"east": {"uv": [0, 0, 2, 3], "rotation": 270, "texture": "#missing"},
				"south": {"uv": [3, 16, 13, 13], "texture": "#1_texture"},
				"west": {"uv": [0, 0, 2, 3], "rotation": 90, "texture": "#missing"},
				"up": {"uv": [13, 3, 16, 13], "rotation": 270, "texture": "#1", "cullface": "up"},
				"down": {"uv": [13, 3, 16, 13], "rotation": 90, "texture": "#1"}
			}
		},
		{
			"from": [3, 9, 13],
			"to": [13, 12, 16],
			"rotation": {"angle": 0, "axis": "x", "origin": [8, 1.5, 8]},
			"faces": {
				"north": {"uv": [3, 9, 13, 12], "rotation": 180, "texture": "#1_texture"},
				"east": {"uv": [0, 0, 3, 3], "rotation": 270, "texture": "#missing"},
				"south": {"uv": [3, 12, 13, 9], "texture": "#1_texture"},
				"west": {"uv": [0, 0, 3, 3], "rotation": 90, "texture": "#missing"},
				"up": {"uv": [13, 1, 16, 11], "rotation": 270, "texture": "#1"},
				"down": {"uv": [13, 3, 16, 13], "rotation": 90, "texture": "#1"}
			}
		},
		{
			"from": [13, 0, 13],
			"to": [16, 16, 16],
			"rotation": {"angle": 0, "axis": "x", "origin": [8, 1.5, 8]},
			"faces": {
				"north": {"uv": [13, 0, 16, 16], "rotation": 180, "texture": "#1_texture"},
				"east": {"uv": [13, 0, 16, 16], "texture": "#1", "cullface": "east"},
				"south": {"uv": [13, 16, 16, 0], "texture": "#1_texture"},
				"west": {"uv": [13, 0, 16, 16], "rotation": 180, "texture": "#1"},
				"up": {"uv": [13, 0, 16, 3], "rotation": 90, "texture": "#1", "cullface": "up"},
				"down": {"uv": [13, 13, 16, 16], "rotation": 270, "texture": "#1", "cullface": "down"}
			}
		},
		{
			"from": [0, 0, 13],
			"to": [3, 16, 16],
			"rotation": {"angle": 0, "axis": "x", "origin": [8, 1.5, 8]},
			"faces": {
				"north": {"uv": [0, 0, 3, 16], "rotation": 180, "texture": "#1_texture"},
				"east": {"uv": [13, 0, 16, 16], "texture": "#1"},
				"south": {"uv": [0, 16, 3, 0], "texture": "#1_texture"},
				"west": {"uv": [13, 0, 16, 16], "rotation": 180, "texture": "#1", "cullface": "west"},
				"up": {"uv": [13, 13, 16, 16], "rotation": 90, "texture": "#1", "cullface": "up"},
				"down": {"uv": [13, 0, 16, 3], "rotation": 270, "texture": "#1", "cullface": "down"}
			}
		},
		{
			"from": [3, 0, 13],
			"to": [13, 3, 16],
			"rotation": {"angle": 0, "axis": "x", "origin": [8, 1.5, 8]},
			"faces": {
				"north": {"uv": [3, 0, 13, 3], "rotation": 180, "texture": "#1_texture"},
				"east": {"uv": [0, 0, 2, 3], "rotation": 270, "texture": "#missing"},
				"south": {"uv": [3, 3, 13, 0], "texture": "#1_texture"},
				"west": {"uv": [0, 0, 2, 3], "rotation": 90, "texture": "#missing"},
				"up": {"uv": [13, 2, 16, 12], "rotation": 270, "texture": "#1"},
				"down": {"uv": [13, 3, 16, 13], "rotation": 90, "texture": "#1", "cullface": "down"}
			}
		},
		{
			"from": [3, 4, 13],
			"to": [13, 7, 16],
			"rotation": {"angle": 0, "axis": "x", "origin": [8, 1.5, 8]},
			"faces": {
				"north": {"uv": [3, 4, 13, 7], "rotation": 180, "texture": "#1_texture"},
				"east": {"uv": [0, 0, 3, 3], "rotation": 270, "texture": "#missing"},
				"south": {"uv": [3, 7, 13, 4], "texture": "#1_texture"},
				"west": {"uv": [0, 0, 3, 3], "rotation": 90, "texture": "#missing"},
				"up": {"uv": [13, 3, 16, 13], "rotation": 270, "texture": "#1"},
				"down": {"uv": [13, 5, 16, 15], "rotation": 90, "texture": "#1"}
			}
		}
	],
	"groups": [
		{
			"name": "Crimson Trapdoor",
			"origin": [0, 0, 0],
			"color": 0,
			"children": [0, 1, 2, 3, 4, 5]
		}
	]
}