{
  "replace": false,
  "sources": [
    {
      "type": "paletted_permutations",
      "textures": [
		"trims/models/armor/coast",
		"trims/models/armor/coast_leggings",
		"trims/models/armor/sentry",
		"trims/models/armor/sentry_leggings",
		"trims/models/armor/dune",
		"trims/models/armor/dune_leggings",
		"trims/models/armor/wild",
		"trims/models/armor/wild_leggings",
		"trims/models/armor/ward",
		"trims/models/armor/ward_leggings",
		"trims/models/armor/eye",
		"trims/models/armor/eye_leggings",
		"trims/models/armor/vex",
		"trims/models/armor/vex_leggings",
		"trims/models/armor/tide",
		"trims/models/armor/tide_leggings",
		"trims/models/armor/snout",
 		"trims/models/armor/snout_leggings",
		"trims/models/armor/rib",
		"trims/models/armor/rib_leggings",
		"trims/models/armor/spire",
		"trims/models/armor/spire_leggings",
 		"trims/models/armor/wayfinder",
		"trims/models/armor/wayfinder_leggings",
		"trims/models/armor/shaper",
		"trims/models/armor/shaper_leggings",
		"trims/models/armor/silence",
		"trims/models/armor/silence_leggings",
		"trims/models/armor/raiser",
		"trims/models/armor/raiser_leggings",
		"trims/models/armor/host",
		"trims/models/armor/host_leggings",
		"trims/models/armor/flow",
        "trims/models/armor/flow_leggings",
        "trims/models/armor/bolt",
        "trims/models/armor/bolt_leggings",
		
		"trimsexpanded:trims/models/armor/danger",
		"trimsexpanded:trims/models/armor/danger_leggings",
		"trimsexpanded:trims/models/armor/plated",
		"trimsexpanded:trims/models/armor/plated_leggings",
		"trimsexpanded:trims/models/armor/shell",
		"trimsexpanded:trims/models/armor/shell_leggings",
		"trimsexpanded:trims/models/armor/margin",
		"trimsexpanded:trims/models/armor/margin_leggings",
		"trimsexpanded:trims/models/armor/verdant",
		"trimsexpanded:trims/models/armor/verdant_leggings",
		"trimsexpanded:trims/models/armor/heart",
		"trimsexpanded:trims/models/armor/heart_leggings",
		"trimsexpanded:trims/models/armor/drip",
		"trimsexpanded:trims/models/armor/drip_leggings",
		"trimsexpanded:trims/models/armor/suspicious",
		"trimsexpanded:trims/models/armor/suspicious_leggings",
		"trimsexpanded:trims/models/armor/pride",
		"trimsexpanded:trims/models/armor/pride_leggings",
		
		"trims/models/armor/frost",
        "trims/models/armor/frost_leggings",
		
		"more_armor_trims:trims/models/armor/storm",
        "more_armor_trims:trims/models/armor/storm_leggings",
		"more_armor_trims:trims/models/armor/ram",
        "more_armor_trims:trims/models/armor/ram_leggings",
		"more_armor_trims:trims/models/armor/myth",
        "more_armor_trims:trims/models/armor/myth_leggings",
        "more_armor_trims:trims/models/armor/greed",
        "more_armor_trims:trims/models/armor/greed_leggings",
        "more_armor_trims:trims/models/armor/beast",
        "more_armor_trims:trims/models/armor/beast_leggings",
        "more_armor_trims:trims/models/armor/fever",
        "more_armor_trims:trims/models/armor/fever_leggings",
        "more_armor_trims:trims/models/armor/wraith",
        "more_armor_trims:trims/models/armor/wraith_leggings",
        "more_armor_trims:trims/models/armor/nihility",
        "more_armor_trims:trims/models/armor/nihility_leggings",
        "more_armor_trims:trims/models/armor/horizon",
        "more_armor_trims:trims/models/armor/horizon_leggings",
        "more_armor_trims:trims/models/armor/origin",
        "more_armor_trims:trims/models/armor/origin_leggings",
		
		"alexscaves:trims/models/armor/polarity",
        "alexscaves:trims/models/armor/polarity_leggings",
		
		"extratrims:trims/models/armor/fool",
        "extratrims:trims/models/armor/fool_leggings",
        "extratrims:trims/models/armor/wanderer",
        "extratrims:trims/models/armor/wanderer_leggings",
        "extratrims:trims/models/armor/freeze",
        "extratrims:trims/models/armor/freeze_leggings",
        "extratrims:trims/models/armor/bone",
        "extratrims:trims/models/armor/bone_leggings",
        "extratrims:trims/models/armor/wart",
        "extratrims:trims/models/armor/wart_leggings",
        "extratrims:trims/models/armor/oasis",
        "extratrims:trims/models/armor/oasis_leggings",
        "extratrims:trims/models/armor/worker",
        "extratrims:trims/models/armor/worker_leggings",
        "extratrims:trims/models/armor/champion",
        "extratrims:trims/models/armor/champion_leggings",
        "extratrims:trims/models/armor/flood",
        "extratrims:trims/models/armor/flood_leggings",
        "extratrims:trims/models/armor/plunder",
        "extratrims:trims/models/armor/plunder_leggings",
        "extratrims:trims/models/armor/shell",
        "extratrims:trims/models/armor/shell_leggings",
        "extratrims:trims/models/armor/creep",
        "extratrims:trims/models/armor/creep_leggings",
        "extratrims:trims/models/armor/cage",
        "extratrims:trims/models/armor/cage_leggings",
        "extratrims:trims/models/armor/miner",
        "extratrims:trims/models/armor/miner_leggings",
        "extratrims:trims/models/armor/triumvirate",
        "extratrims:trims/models/armor/triumvirate_leggings",
        "extratrims:trims/models/armor/gateway",
        "extratrims:trims/models/armor/gateway_leggings",
        "extratrims:trims/models/armor/crystal",
        "extratrims:trims/models/armor/crystal_leggings",
        "extratrims:trims/models/armor/dragon",
        "extratrims:trims/models/armor/dragon_leggings"
      ],
      "palette_key": "trims/color_palettes/trim_palette",
      "permutations": {
        "quartz": "trims/color_palettes/quartz",
        "iron": "trims/color_palettes/iron",
        "gold": "trims/color_palettes/gold",
        "diamond": "trims/color_palettes/diamond",
        "netherite": "trims/color_palettes/netherite",
        "redstone": "trims/color_palettes/redstone",
        "copper": "trims/color_palettes/copper",
        "emerald": "trims/color_palettes/emerald",
        "lapis": "trims/color_palettes/lapis",
        "amethyst": "trims/color_palettes/amethyst",
		"iron_darker": "trims/color_palettes/iron_darker",
        "gold_darker": "trims/color_palettes/gold_darker",
        "diamond_darker": "trims/color_palettes/diamond_darker",
        "netherite_darker": "trims/color_palettes/netherite_darker",
		"amberpotato": "trimsexpanded:trims/color_palettes/amberpotato",
		"armadillo": "trimsexpanded:trims/color_palettes/armadillo",
		"breeze": "trimsexpanded:trims/color_palettes/breeze",
		"chorus": "trimsexpanded:trims/color_palettes/chorus",
		"coal": "trimsexpanded:trims/color_palettes/coal",
		"dragon": "trimsexpanded:trims/color_palettes/dragon",
		"echo": "trimsexpanded:trims/color_palettes/echo",
		"ender": "trimsexpanded:trims/color_palettes/ender",
		"flame": "trimsexpanded:trims/color_palettes/flame",
		"glowstone": "trimsexpanded:trims/color_palettes/glowstone",
		"leather": "trimsexpanded:trims/color_palettes/leather",
		"netherbrick": "trimsexpanded:trims/color_palettes/netherbrick",
		"prismarine": "trimsexpanded:trims/color_palettes/prismarine",
		"rabbit": "trimsexpanded:trims/color_palettes/rabbit",
		"rainbow": "trimsexpanded:trims/color_palettes/rainbow",
		"slime": "trimsexpanded:trims/color_palettes/slime"
      }
    }
  ]
}
