{
    "sources": [
        {
            "type": "directory",
            "source": "cookbook",
			"prefix": "cookbook/"
        },
        {
            "type": "directory",
            "source": "nutritionbook",
			"prefix": "nutritionbook/"
        },
        {
            "type": "directory",
            "source": "block",
            "prefix": "block/"
        },
        {
            "type": "directory",
            "source": "block_particle",
            "prefix": "block_particle/"
        },		
        {
            "type": "directory",
            "source": "item",
            "prefix": "item/"
        },
        {
            "type": "directory",
            "source": "item_particle",
            "prefix": "item_particle/"
        },		
        {
            "type": "directory",
            "source": "entity/conduit",
            "prefix": "entity/conduit/"
        },
        {
            "type": "single",
            "resource": "entity/bell/bell_body"
        },
        {
            "type": "single",
            "resource": "entity/enchanting_table_book"
        },
		{
            "type": "single",
            "resource": "entity/shield_base_nopattern"
        },
        {
            "type": "single",
            "resource": "entity/signs/hanging/acacia"
        },
        {
            "type": "single",
            "resource": "entity/signs/hanging/bamboo"
        },
        {
            "type": "single",
            "resource": "entity/signs/hanging/birch"
        },
        {
            "type": "single",
            "resource": "entity/signs/hanging/crimson"
        },
        {
            "type": "single",
            "resource": "entity/signs/hanging/dark_oak"
        },
        {
            "type": "single",
            "resource": "entity/signs/hanging/jungle"
        },
        {
            "type": "single",
            "resource": "entity/signs/hanging/mangrove"
        },
        {
            "type": "single",
            "resource": "entity/signs/hanging/oak"
        },
        {
            "type": "single",
            "resource": "entity/signs/hanging/spruce"
        },
        {
            "type": "single",
            "resource": "entity/signs/hanging/warped"
        },
        {
            "type": "single",
            "resource": "entity/chest/normal"
        },
        {
            "type": "paletted_permutations",
            "textures": [
              "trims/items/leggings_trim",
              "trims/items/chestplate_trim",
              "trims/items/helmet_trim",
              "trims/items/boots_trim",
              
              "trims/items/elytra/default"
            ],
            "palette_key": "trims/color_palettes/trim_palette",
            "permutations": {
              "amberpotato": "trimsexpanded:trims/color_palettes/amberpotato",
              "armadillo": "trimsexpanded:trims/color_palettes/armadillo",
              "breeze": "trimsexpanded:trims/color_palettes/breeze",
              "chorus": "trimsexpanded:trims/color_palettes/chorus",
              "coal": "trimsexpanded:trims/color_palettes/coal",
              "dragon": "trimsexpanded:trims/color_palettes/dragon",
              "echo": "trimsexpanded:trims/color_palettes/echo",
              "ender": "trimsexpanded:trims/color_palettes/ender",
              "flame": "trimsexpanded:trims/color_palettes/flame",
              "glowstone": "trimsexpanded:trims/color_palettes/glowstone",
              "leather": "trimsexpanded:trims/color_palettes/leather",
              "netherbrick": "trimsexpanded:trims/color_palettes/netherbrick",
              "prismarine": "trimsexpanded:trims/color_palettes/prismarine",
              "rabbit": "trimsexpanded:trims/color_palettes/rabbit",
              "rainbow": "trimsexpanded:trims/color_palettes/rainbow",
              "slime": "trimsexpanded:trims/color_palettes/slime"
            }
          }
    ]
}