{
	"credit": "Stardust did something here",
	"ambientocclusion": false,
	"textures": {
		"1": "block/cherry_door_top_right",
		"2": "block/cherry_door_sides",
		"particle": "block/cherry_door_top",
		"top": "block/cherry_door_top"
	},
	"elements": [
		{
			"name": "Top Middle",
			"from": [0, 13, 3],
			"to": [3, 16, 13],
			"rotation": {"angle": 0, "axis": "y", "origin": [1.5, 7.75, 8]},
			"faces": {
				"east": {"uv": [3, 0, 13, 3], "texture": "#top"},
				"west": {"uv": [3, 0, 13, 3], "texture": "#1", "cullface": "west"},
				"up": {"uv": [3, 3, 6, 13], "rotation": 180, "texture": "#2", "cullface": "up"},
				"down": {"uv": [3, 6, 6, 16], "rotation": 180, "texture": "#2"}
			}
		},
		{
			"name": "Left Pillar",
			"from": [0, 0, 13],
			"to": [3, 16, 16],
			"rotation": {"angle": 0, "axis": "y", "origin": [1.5, 7.75, 8]},
			"faces": {
				"north": {"uv": [3, 0, 6, 16], "texture": "#2"},
				"east": {"uv": [0, 0, 3, 16], "texture": "#top"},
				"south": {"uv": [0, 0, 3, 16], "texture": "#2", "cullface": "south"},
				"west": {"uv": [13, 0, 16, 16], "texture": "#1", "cullface": "west"},
				"up": {"uv": [3, 0, 6, 3], "rotation": 180, "texture": "#2", "cullface": "up"}
			}
		},
		{
			"name": "Right Pillar",
			"from": [0, 0, 0],
			"to": [3, 16, 3],
			"rotation": {"angle": 0, "axis": "y", "origin": [1.5, 7.75, 8]},
			"faces": {
				"north": {"uv": [3, 0, 6, 16], "texture": "#2", "cullface": "north"},
				"east": {"uv": [13, 0, 16, 16], "texture": "#top"},
				"south": {"uv": [6, 0, 9, 16], "texture": "#2"},
				"west": {"uv": [0, 0, 3, 16], "texture": "#1", "cullface": "west"},
				"up": {"uv": [3, 13, 6, 16], "rotation": 180, "texture": "#2", "cullface": "up"}
			}
		},
		{
			"from": [1, 12, 4],
			"to": [2, 13, 12],
			"rotation": {"angle": 0, "axis": "y", "origin": [1.5, 7.75, 8]},
			"faces": {
				"east": {"uv": [4, 3, 12, 4], "texture": "#top"},
				"west": {"uv": [12, 3, 4, 4], "texture": "#top"},
				"down": {"uv": [4, 3, 12, 4], "rotation": 270, "texture": "#top"}
			}
		},
		{
			"from": [1, 0, 12],
			"to": [2, 13, 13],
			"rotation": {"angle": 0, "axis": "y", "origin": [1.5, 7.75, 8]},
			"faces": {
				"north": {"uv": [12, 3, 13, 16], "texture": "#top"},
				"east": {"uv": [3, 3, 4, 16], "texture": "#top"},
				"west": {"uv": [12, 3, 13, 16], "texture": "#top"}
			}
		},
		{
			"from": [1, 0, 3],
			"to": [2, 13, 4],
			"rotation": {"angle": 0, "axis": "y", "origin": [1.5, 7.75, 8]},
			"faces": {
				"east": {"uv": [12, 3, 13, 16], "texture": "#top"},
				"south": {"uv": [12, 3, 13, 16], "texture": "#top"},
				"west": {"uv": [3, 3, 4, 16], "texture": "#1"}
			}
		},
		{
			"from": [1, 1, 11],
			"to": [2, 5, 12],
			"rotation": {"angle": 0, "axis": "y", "origin": [1.5, 7.75, 8]},
			"faces": {
				"north": {"uv": [4, 11, 5, 15], "texture": "#top"},
				"east": {"uv": [4, 11, 5, 15], "texture": "#top"},
				"west": {"uv": [4, 11, 5, 15], "texture": "#top"},
				"up": {"uv": [4, 11, 5, 12], "rotation": 180, "texture": "#top"},
				"down": {"uv": [4, 14, 5, 15], "rotation": 180, "texture": "#top"}
			}
		},
		{
			"from": [1, 6, 11],
			"to": [2, 10, 12],
			"rotation": {"angle": 0, "axis": "y", "origin": [1.5, 7.75, 8]},
			"faces": {
				"north": {"uv": [4, 6, 5, 10], "texture": "#top"},
				"east": {"uv": [4, 6, 5, 10], "texture": "#top"},
				"west": {"uv": [4, 6, 5, 10], "texture": "#top"},
				"up": {"uv": [4, 6, 5, 7], "rotation": 180, "texture": "#top"},
				"down": {"uv": [4, 9, 5, 10], "rotation": 180, "texture": "#top"}
			}
		},
		{
			"from": [1, 6, 9],
			"to": [2, 10, 10],
			"rotation": {"angle": 0, "axis": "y", "origin": [1.5, 7.75, 8]},
			"faces": {
				"north": {"uv": [6, 6, 7, 10], "texture": "#top"},
				"east": {"uv": [6, 6, 7, 10], "texture": "#top"},
				"south": {"uv": [6, 6, 7, 10], "texture": "#top"},
				"west": {"uv": [6, 6, 7, 10], "texture": "#top"},
				"up": {"uv": [6, 6, 7, 7], "rotation": 180, "texture": "#top"},
				"down": {"uv": [6, 6, 7, 10], "rotation": 180, "texture": "#top"}
			}
		},
		{
			"from": [1, 1, 9],
			"to": [2, 5, 10],
			"rotation": {"angle": 0, "axis": "y", "origin": [1.5, 7.75, 8]},
			"faces": {
				"north": {"uv": [6, 11, 7, 15], "texture": "#top"},
				"east": {"uv": [6, 11, 7, 15], "texture": "#top"},
				"south": {"uv": [6, 11, 7, 15], "texture": "#top"},
				"west": {"uv": [6, 11, 7, 15], "texture": "#top"},
				"up": {"uv": [6, 11, 7, 12], "rotation": 180, "texture": "#top"},
				"down": {"uv": [6, 14, 7, 15], "rotation": 180, "texture": "#top"}
			}
		},
		{
			"from": [1, 6, 6],
			"to": [2, 10, 7],
			"rotation": {"angle": 0, "axis": "y", "origin": [1.5, 7.75, 8]},
			"faces": {
				"north": {"uv": [9, 6, 10, 10], "texture": "#top"},
				"east": {"uv": [9, 6, 10, 10], "texture": "#top"},
				"south": {"uv": [9, 6, 10, 10], "texture": "#top"},
				"west": {"uv": [9, 6, 10, 10], "texture": "#top"},
				"up": {"uv": [9, 6, 10, 7], "rotation": 180, "texture": "#top"},
				"down": {"uv": [9, 9, 10, 10], "rotation": 180, "texture": "#top"}
			}
		},
		{
			"from": [1, 9, 7],
			"to": [2, 11, 9],
			"rotation": {"angle": 0, "axis": "y", "origin": [1.5, 7.75, 8]},
			"faces": {
				"north": {"uv": [8, 5, 9, 7], "texture": "#top"},
				"east": {"uv": [7, 5, 9, 7], "texture": "#top"},
				"south": {"uv": [7, 5, 8, 7], "texture": "#top"},
				"west": {"uv": [9, 5, 7, 7], "texture": "#top"},
				"down": {"uv": [9, 6, 7, 7], "rotation": 270, "texture": "#top"}
			}
		},
		{
			"from": [1, 11, 6],
			"to": [2, 12, 10],
			"rotation": {"angle": 0, "axis": "y", "origin": [1.5, 7.75, 8]},
			"faces": {
				"north": {"uv": [9, 4, 10, 5], "texture": "#top"},
				"east": {"uv": [6, 4, 10, 5], "texture": "#top"},
				"south": {"uv": [6, 4, 7, 5], "texture": "#top"},
				"west": {"uv": [6, 4, 10, 5], "texture": "#top"},
				"down": {"uv": [10, 4, 6, 5], "rotation": 270, "texture": "#top"}
			}
		},
		{
			"from": [1, 4, 7],
			"to": [2, 7, 9],
			"rotation": {"angle": 0, "axis": "y", "origin": [1.5, 7.75, 8]},
			"faces": {
				"north": {"uv": [8, 9, 9, 12], "texture": "#top"},
				"east": {"uv": [7, 9, 9, 12], "texture": "#top"},
				"south": {"uv": [7, 9, 8, 12], "texture": "#top"},
				"west": {"uv": [9, 9, 7, 12], "texture": "#top"},
				"up": {"uv": [7, 9, 9, 10], "rotation": 270, "texture": "#top"},
				"down": {"uv": [9, 11, 7, 12], "rotation": 270, "texture": "#top"}
			}
		},
		{
			"from": [1, 0, 7],
			"to": [2, 2, 9],
			"rotation": {"angle": 0, "axis": "y", "origin": [1.5, 7.75, 8]},
			"faces": {
				"north": {"uv": [8, 14, 9, 16], "texture": "#top"},
				"east": {"uv": [7, 14, 9, 16], "texture": "#top"},
				"south": {"uv": [7, 14, 8, 16], "texture": "#top"},
				"west": {"uv": [9, 14, 7, 16], "texture": "#top"},
				"up": {"uv": [7, 14, 9, 15], "rotation": 270, "texture": "#top"}
			}
		},
		{
			"from": [1, 1, 6],
			"to": [2, 5, 7],
			"rotation": {"angle": 0, "axis": "y", "origin": [1.5, 7.75, 8]},
			"faces": {
				"north": {"uv": [9, 11, 10, 15], "texture": "#top"},
				"east": {"uv": [9, 11, 10, 15], "texture": "#top"},
				"south": {"uv": [9, 11, 10, 15], "texture": "#top"},
				"west": {"uv": [9, 11, 10, 15], "texture": "#top"},
				"up": {"uv": [9, 11, 10, 12], "rotation": 180, "texture": "#top"},
				"down": {"uv": [9, 14, 10, 15], "rotation": 180, "texture": "#top"}
			}
		},
		{
			"from": [1, 1, 4],
			"to": [2, 5, 5],
			"rotation": {"angle": 0, "axis": "y", "origin": [1.5, 7.75, 8]},
			"faces": {
				"east": {"uv": [11, 11, 12, 15], "texture": "#top"},
				"south": {"uv": [11, 11, 12, 15], "texture": "#top"},
				"west": {"uv": [11, 11, 12, 15], "texture": "#top"},
				"up": {"uv": [11, 11, 12, 12], "rotation": 180, "texture": "#top"},
				"down": {"uv": [11, 14, 12, 15], "rotation": 180, "texture": "#top"}
			}
		},
		{
			"from": [1, 6, 4],
			"to": [2, 10, 5],
			"rotation": {"angle": 0, "axis": "y", "origin": [1.5, 7.75, 8]},
			"faces": {
				"east": {"uv": [11, 6, 12, 10], "texture": "#top"},
				"south": {"uv": [11, 6, 12, 10], "texture": "#top"},
				"west": {"uv": [11, 6, 12, 10], "texture": "#top"},
				"up": {"uv": [11, 6, 12, 7], "rotation": 180, "texture": "#top"},
				"down": {"uv": [11, 9, 12, 10], "rotation": 180, "texture": "#top"}
			}
		},
		{
			"from": [1, 11, 11],
			"to": [2, 12, 12],
			"rotation": {"angle": 0, "axis": "y", "origin": [1.5, 7.75, 8]},
			"faces": {
				"north": {"uv": [4, 4, 5, 5], "texture": "#top"},
				"east": {"uv": [4, 4, 5, 5], "texture": "#top"},
				"west": {"uv": [4, 4, 5, 5], "texture": "#top"},
				"down": {"uv": [4, 4, 5, 5], "rotation": 180, "texture": "#top"}
			}
		},
		{
			"from": [1, 11, 4],
			"to": [2, 12, 5],
			"rotation": {"angle": 0, "axis": "y", "origin": [1.5, 7.75, 8]},
			"faces": {
				"east": {"uv": [11, 4, 12, 5], "texture": "#top"},
				"south": {"uv": [11, 4, 12, 5], "texture": "#top"},
				"west": {"uv": [11, 4, 12, 5], "texture": "#top"},
				"down": {"uv": [11, 4, 12, 5], "rotation": 180, "texture": "#top"}
			}
		},
		{
			"from": [1, 2, 5],
			"to": [2, 4, 6],
			"rotation": {"angle": 0, "axis": "y", "origin": [1.5, 7.75, 8]},
			"faces": {
				"east": {"uv": [10, 12, 11, 14], "texture": "#top"},
				"west": {"uv": [10, 12, 11, 14], "texture": "#top"},
				"up": {"uv": [10, 12, 11, 13], "rotation": 180, "texture": "#top"},
				"down": {"uv": [10, 13, 11, 14], "rotation": 180, "texture": "#top"}
			}
		},
		{
			"from": [1, 7, 5],
			"to": [2, 9, 6],
			"rotation": {"angle": 0, "axis": "y", "origin": [1.5, 7.75, 8]},
			"faces": {
				"east": {"uv": [10, 7, 11, 9], "texture": "#top"},
				"west": {"uv": [10, 7, 11, 9], "texture": "#top"},
				"up": {"uv": [10, 7, 11, 8], "rotation": 180, "texture": "#top"},
				"down": {"uv": [10, 8, 11, 9], "rotation": 180, "texture": "#top"}
			}
		},
		{
			"from": [1, 2, 10],
			"to": [2, 4, 11],
			"rotation": {"angle": 0, "axis": "y", "origin": [1.5, 7.75, 8]},
			"faces": {
				"east": {"uv": [5, 12, 6, 14], "texture": "#top"},
				"west": {"uv": [5, 12, 6, 14], "texture": "#top"},
				"up": {"uv": [5, 12, 6, 13], "rotation": 180, "texture": "#top"},
				"down": {"uv": [5, 13, 6, 14], "rotation": 180, "texture": "#top"}
			}
		},
		{
			"from": [1, 7, 10],
			"to": [2, 9, 11],
			"rotation": {"angle": 0, "axis": "y", "origin": [1.5, 7.75, 8]},
			"faces": {
				"east": {"uv": [5, 7, 6, 9], "texture": "#top"},
				"west": {"uv": [5, 7, 6, 9], "texture": "#top"},
				"up": {"uv": [5, 7, 6, 8], "rotation": 180, "texture": "#top"},
				"down": {"uv": [5, 8, 6, 9], "rotation": 180, "texture": "#top"}
			}
		}
	],
	"groups": [
		{
			"name": "Cherry Door",
			"origin": [0, 0, 0],
			"color": 0,
			"children": [
				0,
				1,
				2,
				{
					"name": "Mesh",
					"origin": [0, 0, 0],
					"color": 0,
					"children": [3, 4, 5, 6, 7, 8, 9, 10, 11, 12, 13, 14, 15, 16, 17, 18, 19, 20, 21, 22, 23]
				}
			]
		}
	]
}