{
	"credit": "Butter did something here",
	"parent": "minecraft:block/door_top",
	"ambientocclusion": false,
	"textures": {
		"2": "block/birch_door_sides",
		"3": "block/birch_door_top_right",
		"particle": "block/birch_door_top_left",
		"top": "block/birch_door_top_left"
	},
	"elements": [
		{
			"name": "Right",
			"from": [0, 0, 13],
			"to": [3, 13, 16],
			"rotation": {"angle": 0, "axis": "y", "origin": [1.5, 7.75, 8]},
			"faces": {
				"north": {"uv": [9, 2, 12, 15], "texture": "#2"},
				"east": {"uv": [0, 3, 3, 16], "texture": "#top"},
				"south": {"uv": [0, 3, 3, 16], "texture": "#2", "cullface": "south"},
				"west": {"uv": [13, 3, 16, 16], "texture": "#3", "cullface": "west"}
			}
		},
		{
			"name": "Left",
			"from": [0, 0, 0],
			"to": [3, 13, 3],
			"rotation": {"angle": 0, "axis": "y", "origin": [1.5, 7.75, 8]},
			"faces": {
				"north": {"uv": [4, 3, 7, 16], "texture": "#2", "cullface": "north"},
				"east": {"uv": [13, 3, 16, 16], "texture": "#top"},
				"south": {"uv": [9, 2, 12, 15], "texture": "#2"},
				"west": {"uv": [0, 3, 3, 16], "texture": "#3", "cullface": "west"}
			}
		},
		{
			"name": "Top",
			"from": [0, 13, 0],
			"to": [3, 16, 16],
			"rotation": {"angle": 0, "axis": "y", "origin": [1.5, 7.75, 8]},
			"faces": {
				"north": {"uv": [4, 0, 7, 3], "texture": "#2", "cullface": "north"},
				"east": {"uv": [0, 0, 16, 3], "texture": "#top"},
				"south": {"uv": [0, 0, 3, 3], "texture": "#2", "cullface": "south"},
				"west": {"uv": [0, 0, 16, 3], "texture": "#3", "cullface": "west"},
				"up": {"uv": [7, 16, 4, 0], "rotation": 180, "texture": "#2", "cullface": "up"},
				"down": {"uv": [4, 0, 7, 16], "rotation": 180, "texture": "#2"}
			}
		},
		{
			"name": "Window",
			"from": [1, 0, 3],
			"to": [2, 13, 13],
			"rotation": {"angle": 0, "axis": "y", "origin": [1.5, 7.75, 8]},
			"faces": {
				"east": {"uv": [3, 3, 13, 16], "texture": "#top"},
				"west": {"uv": [3, 3, 13, 16], "texture": "#3"}
			}
		},
		{
			"name": "Handle",
			"from": [3, 0, 1],
			"to": [3.3, 2, 2],
			"rotation": {"angle": 0, "axis": "y", "origin": [1.5, 7.75, 8]},
			"faces": {
				"north": {"uv": [14, 14, 15, 16], "texture": "#top"},
				"east": {"uv": [14, 14, 15, 16], "texture": "#top"},
				"south": {"uv": [14, 14, 15, 16], "texture": "#top"},
				"up": {"uv": [14, 14, 15, 15], "rotation": 180, "texture": "#top"},
				"down": {"uv": [14, 15, 15, 16], "rotation": 180, "texture": "#top"}
			}
		},
		{
			"name": "Handle",
			"from": [-0.3, 0, 1],
			"to": [0, 2, 2],
			"rotation": {"angle": 0, "axis": "y", "origin": [1.5, 7.75, 8]},
			"faces": {
				"north": {"uv": [14, 14, 15, 16], "texture": "#top", "cullface": "west"},
				"south": {"uv": [14, 14, 15, 16], "texture": "#top", "cullface": "west"},
				"west": {"uv": [14, 14, 15, 16], "texture": "#top", "cullface": "west"},
				"up": {"uv": [14, 14, 15, 15], "texture": "#top", "cullface": "west"},
				"down": {"uv": [14, 15, 15, 16], "texture": "#top", "cullface": "west"}
			}
		}
	],
	"groups": [
		{
			"name": "Birch Door",
			"origin": [8, 8, 8],
			"color": 0,
			"children": [0, 1, 2, 3, 4, 5]
		}
	]
}