{
	"credit": "The Stardust System did something here",
	"ambientocclusion": false,
	"textures": {
		"1": "block/bamboo_door_top_left",
		"2": "block/bamboo_door_sides",
		"3": "block/bamboo_door_top_right",
		"particle": "block/bamboo_door_top_left"
	},
	"elements": [
		{
			"name": "Left",
			"from": [0, 0, 0],
			"to": [3, 16, 3],
			"rotation": {"angle": 0, "axis": "y", "origin": [1.5, 7.5, 8]},
			"faces": {
				"north": {"uv": [0, 0, 3, 16], "texture": "#2", "cullface": "north"},
				"east": {"uv": [13, 0, 16, 16], "texture": "#3"},
				"south": {"uv": [3, 0, 6, 16], "texture": "#2"},
				"west": {"uv": [0, 0, 3, 16], "texture": "#1", "cullface": "west"},
				"up": {"uv": [6, 0, 9, 3], "texture": "#2", "cullface": "up"}
			}
		},
		{
			"name": "Right",
			"from": [0, 0, 13],
			"to": [3, 16, 16],
			"rotation": {"angle": 0, "axis": "y", "origin": [1.5, 7.5, 8]},
			"faces": {
				"north": {"uv": [6, 0, 9, 16], "texture": "#2"},
				"east": {"uv": [0, 0, 3, 16], "texture": "#3"},
				"south": {"uv": [3, 0, 6, 16], "texture": "#2", "cullface": "south"},
				"west": {"uv": [13, 0, 16, 16], "texture": "#1", "cullface": "west"},
				"up": {"uv": [6, 13, 9, 16], "texture": "#2", "cullface": "up"}
			}
		},
		{
			"name": "Top",
			"from": [0, 13, 3],
			"to": [3, 16, 13],
			"rotation": {"angle": 0, "axis": "y", "origin": [1.5, 7.5, 8]},
			"faces": {
				"east": {"uv": [3, 0, 13, 3], "texture": "#3"},
				"west": {"uv": [3, 0, 13, 3], "texture": "#1", "cullface": "west"},
				"up": {"uv": [6, 3, 9, 13], "texture": "#2", "cullface": "up"},
				"down": {"uv": [3, 2, 6, 12], "texture": "#2"}
			}
		},
		{
			"name": "Top",
			"from": [0.5, 12, 3],
			"to": [2.5, 13, 13],
			"rotation": {"angle": 0, "axis": "y", "origin": [1.5, 7.5, 8]},
			"faces": {
				"east": {"uv": [0, 0, 10, 2], "texture": "#3"},
				"west": {"uv": [3, 3, 13, 4], "texture": "#1"},
				"down": {"uv": [3, 3, 13, 4], "rotation": 90, "texture": "#1"}
			}
		},
		{
			"name": "Left",
			"from": [0.5, 0, 12],
			"to": [2.5, 12, 13],
			"rotation": {"angle": 0, "axis": "y", "origin": [1.5, 7.5, 8]},
			"faces": {
				"north": {"uv": [5, 16, 7, 4], "texture": "#2"},
				"east": {"uv": [0, 0, 1, 12], "texture": "#3"},
				"west": {"uv": [12, 4, 13, 16], "texture": "#1"}
			}
		},
		{
			"name": "Left",
			"from": [0.5, 0, 4],
			"to": [2.5, 1, 12],
			"rotation": {"angle": 0, "axis": "y", "origin": [1.5, 7.5, 8]},
			"faces": {
				"east": {"uv": [4, 15, 12, 16], "texture": "#3"},
				"west": {"uv": [4, 15, 12, 16], "texture": "#1"},
				"up": {"uv": [5, 4, 7, 12], "texture": "#2"}
			}
		},
		{
			"name": "Right",
			"from": [0.5, 0, 3],
			"to": [2.5, 12, 4],
			"rotation": {"angle": 0, "axis": "y", "origin": [1.5, 7.5, 8]},
			"faces": {
				"east": {"uv": [0, 0, 1, 12], "texture": "#3"},
				"south": {"uv": [5, 12, 7, 0], "texture": "#2"},
				"west": {"uv": [3, 4, 4, 16], "texture": "#1"}
			}
		},
		{
			"name": "Mesh",
			"from": [0.8, 1, 5],
			"to": [2.2, 12, 6],
			"rotation": {"angle": 0, "axis": "y", "origin": [1.5, 7.5, 8]},
			"faces": {
				"north": {"uv": [5, 4, 6, 15], "texture": "#1"},
				"east": {"uv": [5, 4, 6, 15], "texture": "#1"},
				"south": {"uv": [5, 4, 6, 15], "texture": "#1"},
				"west": {"uv": [5, 4, 6, 15], "texture": "#1"}
			}
		},
		{
			"name": "Mesh",
			"from": [0.8, 1, 10],
			"to": [2.2, 12, 11],
			"rotation": {"angle": 0, "axis": "y", "origin": [1.5, 7.5, 8]},
			"faces": {
				"north": {"uv": [10, 4, 11, 15], "texture": "#1"},
				"east": {"uv": [10, 4, 11, 15], "texture": "#1"},
				"south": {"uv": [10, 4, 11, 15], "texture": "#1"},
				"west": {"uv": [10, 4, 11, 15], "texture": "#1"}
			}
		},
		{
			"name": "Mesh",
			"from": [1, 2, 4],
			"to": [2, 3, 12],
			"rotation": {"angle": 0, "axis": "y", "origin": [1.5, 7.5, 8]},
			"faces": {
				"east": {"uv": [4, 13, 12, 14], "texture": "#1"},
				"west": {"uv": [4, 13, 12, 14], "texture": "#1"},
				"up": {"uv": [4, 13, 12, 14], "rotation": 90, "texture": "#1"},
				"down": {"uv": [4, 13, 12, 14], "rotation": 90, "texture": "#1"}
			}
		},
		{
			"name": "Mesh",
			"from": [1, 4, 11],
			"to": [2, 5, 12],
			"rotation": {"angle": 0, "axis": "y", "origin": [1.5, 7.5, 8]},
			"faces": {
				"east": {"uv": [11, 11, 12, 12], "texture": "#1"},
				"west": {"uv": [11, 11, 12, 12], "texture": "#1"},
				"up": {"uv": [11, 11, 12, 12], "texture": "#1"},
				"down": {"uv": [11, 11, 12, 12], "texture": "#1"}
			}
		},
		{
			"name": "Mesh",
			"from": [1, 6, 11],
			"to": [2, 7, 12],
			"rotation": {"angle": 0, "axis": "y", "origin": [1.5, 7.5, 8]},
			"faces": {
				"east": {"uv": [11, 9, 12, 10], "texture": "#1"},
				"west": {"uv": [11, 9, 12, 10], "texture": "#1"},
				"up": {"uv": [11, 9, 12, 10], "texture": "#1"},
				"down": {"uv": [11, 9, 12, 10], "texture": "#1"}
			}
		},
		{
			"name": "Mesh",
			"from": [1, 8, 11],
			"to": [2, 9, 12],
			"rotation": {"angle": 0, "axis": "y", "origin": [1.5, 7.5, 8]},
			"faces": {
				"east": {"uv": [11, 7, 12, 8], "texture": "#1"},
				"west": {"uv": [11, 7, 12, 8], "texture": "#1"},
				"up": {"uv": [11, 7, 12, 8], "texture": "#1"},
				"down": {"uv": [11, 7, 12, 8], "texture": "#1"}
			}
		},
		{
			"name": "Mesh",
			"from": [1, 4, 4],
			"to": [2, 5, 5],
			"rotation": {"angle": 0, "axis": "y", "origin": [1.5, 7.5, 8]},
			"faces": {
				"east": {"uv": [4, 11, 5, 12], "texture": "#1"},
				"west": {"uv": [4, 11, 5, 12], "texture": "#1"},
				"up": {"uv": [4, 11, 5, 12], "texture": "#1"},
				"down": {"uv": [4, 11, 5, 12], "texture": "#1"}
			}
		},
		{
			"name": "Mesh",
			"from": [1, 8, 4],
			"to": [2, 9, 5],
			"rotation": {"angle": 0, "axis": "y", "origin": [1.5, 7.5, 8]},
			"faces": {
				"east": {"uv": [4, 7, 5, 8], "texture": "#1"},
				"west": {"uv": [4, 7, 5, 8], "texture": "#1"},
				"up": {"uv": [4, 7, 5, 8], "texture": "#1"},
				"down": {"uv": [4, 7, 5, 8], "texture": "#1"}
			}
		},
		{
			"name": "Mesh",
			"from": [1, 6, 4],
			"to": [2, 7, 5],
			"rotation": {"angle": 0, "axis": "y", "origin": [1.5, 7.5, 8]},
			"faces": {
				"east": {"uv": [4, 9, 5, 10], "texture": "#1"},
				"west": {"uv": [4, 9, 5, 10], "texture": "#1"},
				"up": {"uv": [4, 9, 5, 10], "texture": "#1"},
				"down": {"uv": [4, 9, 5, 10], "texture": "#1"}
			}
		},
		{
			"name": "Mesh",
			"from": [1, 10, 4],
			"to": [2, 11, 12],
			"rotation": {"angle": 0, "axis": "y", "origin": [1.5, 7.5, 8]},
			"faces": {
				"east": {"uv": [4, 5, 12, 6], "texture": "#1"},
				"west": {"uv": [4, 5, 12, 6], "texture": "#1"},
				"up": {"uv": [4, 5, 12, 6], "rotation": 90, "texture": "#1"},
				"down": {"uv": [4, 5, 12, 6], "rotation": 90, "texture": "#1"}
			}
		}
	],
	"groups": [
		{
			"name": "Bamboo Door",
			"origin": [0, 0, 0],
			"color": 0,
			"children": [
				0,
				1,
				2,
				{
					"name": "Inner",
					"origin": [0, 11, 3],
					"color": 0,
					"children": [3, 4, 5, 6]
				},
				{
					"name": "Mesh",
					"origin": [0, 11, 3],
					"color": 0,
					"children": [7, 8, 9, 10, 11, 12, 13, 14, 15, 16]
				}
			]
		}
	]
}