{
	"credit": "Butter did something here",
	"parent": "minecraft:block/cross",
	"ambientocclusion": false,
	"textures": {
		"1": "block/brown_mushroom_3d",
		"2": "block/mushroom_block_inside",
		"particle": "block/brown_mushroom"
	},
	"elements": [
		{
			"name": "Mushroom Cap",
			"from": [3, 4, 5],
			"to": [11, 6, 13],
			"rotation": {"angle": 0, "axis": "y", "origin": [9, 5, 7]},
			"faces": {
				"north": {"uv": [16, 9, 8, 11], "texture": "#1"},
				"east": {"uv": [0, 9, 8, 11], "texture": "#1"},
				"south": {"uv": [16, 9, 8, 11], "texture": "#1"},
				"west": {"uv": [8, 9, 0, 11], "texture": "#1"},
				"up": {"uv": [4, 0, 12, 8], "texture": "#1"},
				"down": {"uv": [3, 4, 11, 12], "texture": "#2"}
			}
		},
		{
			"name": "Mushroom Stem",
			"from": [6, 0, 8],
			"to": [8, 4, 10],
			"faces": {
				"north": {"uv": [7, 12, 9, 16], "texture": "#1"},
				"east": {"uv": [7, 12, 9, 16], "texture": "#1"},
				"south": {"uv": [7, 12, 9, 16], "texture": "#1"},
				"west": {"uv": [7, 12, 9, 16], "texture": "#1"}
			}
		},
		{
			"name": "Mushroom Cap",
			"from": [9, 2, 3],
			"to": [12, 3, 6],
			"rotation": {"angle": 0, "axis": "y", "origin": [12, 6, 9]},
			"faces": {
				"north": {"uv": [13, 10, 10, 11], "texture": "#1"},
				"east": {"uv": [4, 10, 1, 11], "texture": "#1"},
				"south": {"uv": [13, 10, 10, 11], "texture": "#1"},
				"west": {"uv": [0, 10, 3, 11], "texture": "#1"},
				"up": {"uv": [4, 5, 7, 8], "rotation": 180, "texture": "#1"},
				"down": {"uv": [4, 10, 7, 13], "rotation": 180, "texture": "#2"}
			}
		},
		{
			"name": "Mushroom Stem",
			"from": [10, 0, 4],
			"to": [11, 2, 5],
			"faces": {
				"north": {"uv": [8, 14, 9, 16], "texture": "#1"},
				"east": {"uv": [8, 14, 9, 16], "texture": "#1"},
				"south": {"uv": [8, 14, 9, 16], "texture": "#1"},
				"west": {"uv": [8, 14, 9, 16], "texture": "#1"}
			}
		}
	],
	"groups": [
		{
			"name": "Mushroom",
			"origin": [8, 8, 8],
			"color": 0,
			"children": [0, 1]
		},
		{
			"name": "Mushroom",
			"origin": [8, 8, 8],
			"color": 0,
			"children": [2, 3]
		}
	]
}