{
	"credit": "Butter did something here",
	"parent": "minecraft:block/cross",
	"ambientocclusion": false,
	"textures": {
		"1": "block/brown_mushroom_3d",
		"2": "block/mushroom_block_inside",
		"particle": "block/brown_mushroom"
	},
	"elements": [
		{
			"name": "Mushroom Cap",
			"from": [6, 6, 3],
			"to": [14, 8, 11],
			"rotation": {"angle": 0, "axis": "y", "origin": [10, 5, 7]},
			"faces": {
				"north": {"uv": [0, 9, 8, 11], "texture": "#1"},
				"east": {"uv": [16, 9, 8, 11], "texture": "#1"},
				"south": {"uv": [8, 9, 0, 11], "texture": "#1"},
				"west": {"uv": [16, 9, 8, 11], "texture": "#1"},
				"up": {"uv": [4, 0, 12, 8], "rotation": 270, "texture": "#1"},
				"down": {"uv": [3, 4, 11, 12], "rotation": 90, "texture": "#2"}
			}
		},
		{
			"name": "Mushroom Stem",
			"from": [9, 0, 6],
			"to": [11, 6, 8],
			"rotation": {"angle": 0, "axis": "y", "origin": [10, 5, 7]},
			"faces": {
				"north": {"uv": [0, 0, 2, 6], "texture": "#1"},
				"east": {"uv": [0, 0, 2, 6], "texture": "#1"},
				"south": {"uv": [0, 0, 2, 6], "texture": "#1"},
				"west": {"uv": [0, 0, 2, 6], "texture": "#1"}
			}
		}
	],
	"groups": [
		{
			"name": "Mushroom",
			"origin": [8, 8, 8],
			"color": 0,
			"children": [0, 1]
		}
	]
}