{
	"credit": "Butter did something here",
	"parent": "minecraft:block/cross",
	"ambientocclusion": false,
	"textures": {
		"1": "block/brown_mushroom_3d",
		"2": "block/mushroom_block_inside",
		"particle": "block/brown_mushroom"
	},
	"elements": [
		{
			"name": "Mushroom Cap",
			"from": [1, 6, 6],
			"to": [9, 8, 14],
			"rotation": {"angle": 0, "axis": "y", "origin": [5, 5, 10]},
			"faces": {
				"north": {"uv": [16, 9, 8, 11], "texture": "#1"},
				"east": {"uv": [0, 9, 8, 11], "texture": "#1"},
				"south": {"uv": [16, 9, 8, 11], "texture": "#1"},
				"west": {"uv": [8, 9, 0, 11], "texture": "#1"},
				"up": {"uv": [4, 0, 12, 8], "texture": "#1"},
				"down": {"uv": [3, 4, 11, 12], "texture": "#2"}
			}
		},
		{
			"name": "Mushroom Stem",
			"from": [4, 0, 9],
			"to": [6, 6, 11],
			"rotation": {"angle": 0, "axis": "y", "origin": [5, 5, 10]},
			"faces": {
				"north": {"uv": [0, 0, 2, 6], "texture": "#1"},
				"east": {"uv": [0, 0, 2, 6], "texture": "#1"},
				"south": {"uv": [0, 0, 2, 6], "texture": "#1"},
				"west": {"uv": [0, 0, 2, 6], "texture": "#1"}
			}
		},
		{
			"name": "Mushroom Stem",
			"from": [10, 0, 5],
			"to": [12, 2, 7],
			"rotation": {"angle": 0, "axis": "y", "origin": [8, 4.25, 8]},
			"faces": {
				"north": {"uv": [7, 14, 9, 16], "texture": "#1"},
				"east": {"uv": [7, 14, 9, 16], "texture": "#1"},
				"south": {"uv": [7, 14, 9, 16], "texture": "#1"},
				"west": {"uv": [7, 14, 9, 16], "texture": "#1"}
			}
		},
		{
			"name": "Mushroom Cap",
			"from": [8, 2, 3],
			"to": [14, 4, 9],
			"rotation": {"angle": 0, "axis": "y", "origin": [8, 4.25, 8]},
			"faces": {
				"north": {"uv": [16, 9, 10, 11], "texture": "#1"},
				"east": {"uv": [0, 9, 6, 11], "texture": "#1"},
				"south": {"uv": [16, 9, 10, 11], "texture": "#1"},
				"west": {"uv": [6, 9, 0, 11], "texture": "#1"},
				"up": {"uv": [5, 1, 11, 7], "texture": "#1"},
				"down": {"uv": [5, 4, 11, 10], "texture": "#2"}
			}
		}
	],
	"groups": [
		{
			"name": "Mushroom",
			"origin": [8, 8, 8],
			"color": 0,
			"children": [0, 1]
		},
		{
			"name": "Moosh",
			"origin": [8, 4.25, 8],
			"color": 0,
			"children": [2, 3]
		}
	]
}