{
	"credit": "Butter did something here",
	"parent": "minecraft:block/cross",
	"ambientocclusion": false,
	"textures": {
		"1": "block/brown_mushroom_3d",
		"2": "block/mushroom_block_inside",
		"particle": "block/brown_mushroom"
	},
	"elements": [
		{
			"name": "Mushroom Cap",
			"from": [2, 3, 5],
			"to": [10, 5, 13],
			"rotation": {"angle": 0, "axis": "y", "origin": [8, 4.25, 8]},
			"faces": {
				"north": {"uv": [16, 9, 8, 11], "texture": "#1"},
				"east": {"uv": [8, 9, 0, 11], "texture": "#1"},
				"south": {"uv": [16, 9, 8, 11], "texture": "#1"},
				"west": {"uv": [0, 9, 8, 11], "texture": "#1"},
				"up": {"uv": [4, 0, 12, 8], "rotation": 180, "texture": "#1"},
				"down": {"uv": [3, 4, 11, 12], "rotation": 180, "texture": "#2"}
			}
		},
		{
			"name": "Mushroom Stem",
			"from": [5, 0, 8],
			"to": [7, 3, 10],
			"rotation": {"angle": 0, "axis": "y", "origin": [8, 4.25, 8]},
			"faces": {
				"north": {"uv": [7, 13, 9, 16], "texture": "#1"},
				"east": {"uv": [7, 13, 9, 16], "texture": "#1"},
				"south": {"uv": [7, 13, 9, 16], "texture": "#1"},
				"west": {"uv": [7, 13, 9, 16], "texture": "#1"}
			}
		}
	],
	"groups": [
		{
			"name": "Mushroom",
			"origin": [8, 8, 8],
			"color": 0,
			"children": [0, 1]
		}
	]
}