{
	"credit": "The Stardust System did something here",
	"textures": {
		"particle": "block/new_brewing_stand",
		"stand": "block/new_brewing_stand"
	},
	"elements": [
		{
			"name": "Cube",
			"from": [7.5, 2, 4.6],
			"to": [8.5, 14, 7.6],
			"rotation": {"angle": 45, "axis": "y", "origin": [8, 8, 8]},
			"faces": {
				"north": {"uv": [5, 2, 6, 14], "texture": "#stand"},
				"east": {"uv": [9, 2, 12, 14], "texture": "#stand"},
				"south": {"uv": [0, 0, 0, 0], "texture": "#stand"},
				"west": {"uv": [12, 2, 9, 14], "texture": "#stand"},
				"up": {"uv": [9, 2, 12, 3], "rotation": 270, "texture": "#stand"},
				"down": {"uv": [9, 13, 12, 14], "rotation": 90, "texture": "#stand"}
			}
		},
		{
			"name": "Cube",
			"from": [7.5, 12, 2.6],
			"to": [8.5, 15, 4.6],
			"rotation": {"angle": 45, "axis": "y", "origin": [8, 8, 8]},
			"faces": {
				"north": {"uv": [3, 1, 4, 4], "texture": "#stand"},
				"east": {"uv": [5, 1, 3, 4], "texture": "#stand"},
				"south": {"uv": [4, 1, 5, 4], "texture": "#stand"},
				"west": {"uv": [3, 1, 5, 4], "texture": "#stand"},
				"up": {"uv": [5, 1, 3, 2], "rotation": 270, "texture": "#stand"},
				"down": {"uv": [5, 3, 3, 4], "rotation": 90, "texture": "#stand"}
			}
		},
		{
			"name": "Cube",
			"from": [7.5, 15, 2.6],
			"to": [8.5, 16, 3.6],
			"rotation": {"angle": 45, "axis": "y", "origin": [8, 8, 8]},
			"faces": {
				"north": {"uv": [3, 0, 4, 1], "texture": "#stand"},
				"east": {"uv": [4, 0, 3, 1], "texture": "#stand"},
				"south": {"uv": [3, 0, 4, 1], "texture": "#stand"},
				"west": {"uv": [3, 0, 4, 1], "texture": "#stand"},
				"up": {"uv": [4, 0, 3, 1], "rotation": 270, "texture": "#stand"}
			}
		},
		{
			"name": "Cube",
			"from": [7.5, 11, 1.6],
			"to": [8.5, 13, 2.6],
			"rotation": {"angle": 45, "axis": "y", "origin": [8, 8, 8]},
			"faces": {
				"north": {"uv": [2, 3, 3, 5], "texture": "#stand"},
				"east": {"uv": [3, 3, 2, 5], "texture": "#stand"},
				"west": {"uv": [2, 3, 3, 5], "texture": "#stand"},
				"up": {"uv": [3, 3, 2, 4], "rotation": 270, "texture": "#stand"},
				"down": {"uv": [3, 4, 2, 5], "rotation": 90, "texture": "#stand"}
			}
		},
		{
			"name": "Cube",
			"from": [7.5, 6, 2.6],
			"to": [8.5, 12, 3.6],
			"rotation": {"angle": 45, "axis": "y", "origin": [8, 8, 8]},
			"faces": {
				"north": {"uv": [13, 4, 14, 10], "texture": "#stand"},
				"east": {"uv": [14, 4, 13, 10], "texture": "#stand"},
				"south": {"uv": [13, 4, 14, 10], "texture": "#stand"},
				"west": {"uv": [13, 4, 14, 10], "texture": "#stand"},
				"down": {"uv": [14, 9, 13, 10], "rotation": 90, "texture": "#stand"}
			}
		}
	],
	"groups": [
		{
			"name": "3D Brewing Stand",
			"origin": [0, 0, 0],
			"color": 0,
			"children": [0, 1, 2, 3, 4]
		}
	]
}