{
	"credit": "The Stardust System did something here",
	"textures": {
		"0": "block/new_brewing_stand",
		"particle": "block/new_brewing_stand"
	},
	"elements": [
		{
			"name": "Cube",
			"from": [4.6, 2, 7.5],
			"to": [7.6, 14, 8.5],
			"rotation": {"angle": 45, "axis": "y", "origin": [8, 8, 8]},
			"faces": {
				"north": {"uv": [9, 2, 12, 14], "texture": "#0"},
				"east": {"uv": [0, 0, 0, 0], "texture": "#0"},
				"south": {"uv": [12, 2, 9, 14], "texture": "#0"},
				"west": {"uv": [5, 2, 6, 14], "texture": "#0"},
				"up": {"uv": [9, 2, 12, 3], "rotation": 180, "texture": "#0"},
				"down": {"uv": [9, 13, 12, 14], "rotation": 180, "texture": "#0"}
			}
		},
		{
			"name": "Cube",
			"from": [2.6, 12, 7.5],
			"to": [4.6, 15, 8.5],
			"rotation": {"angle": 45, "axis": "y", "origin": [8, 8, 8]},
			"faces": {
				"north": {"uv": [5, 1, 3, 4], "texture": "#0"},
				"east": {"uv": [4, 1, 5, 4], "texture": "#0"},
				"south": {"uv": [3, 1, 5, 4], "texture": "#0"},
				"west": {"uv": [3, 1, 4, 4], "texture": "#0"},
				"up": {"uv": [5, 1, 3, 2], "rotation": 180, "texture": "#0"},
				"down": {"uv": [5, 3, 3, 4], "rotation": 180, "texture": "#0"}
			}
		},
		{
			"name": "Cube",
			"from": [2.6, 15, 7.5],
			"to": [3.6, 16, 8.5],
			"rotation": {"angle": 45, "axis": "y", "origin": [8, 8, 8]},
			"faces": {
				"north": {"uv": [4, 0, 3, 1], "texture": "#0"},
				"east": {"uv": [3, 0, 4, 1], "texture": "#0"},
				"south": {"uv": [3, 0, 4, 1], "texture": "#0"},
				"west": {"uv": [3, 0, 4, 1], "texture": "#0"},
				"up": {"uv": [4, 0, 3, 1], "rotation": 180, "texture": "#0"}
			}
		},
		{
			"name": "Cube",
			"from": [1.6, 11, 7.5],
			"to": [2.6, 13, 8.5],
			"rotation": {"angle": 45, "axis": "y", "origin": [8, 8, 8]},
			"faces": {
				"north": {"uv": [3, 3, 2, 5], "texture": "#0"},
				"south": {"uv": [2, 3, 3, 5], "texture": "#0"},
				"west": {"uv": [2, 3, 3, 5], "texture": "#0"},
				"up": {"uv": [3, 3, 2, 4], "rotation": 180, "texture": "#0"},
				"down": {"uv": [3, 4, 2, 5], "rotation": 180, "texture": "#0"}
			}
		},
		{
			"name": "Cube",
			"from": [2.6, 6, 7.5],
			"to": [3.6, 12, 8.5],
			"rotation": {"angle": 45, "axis": "y", "origin": [8, 8, 8]},
			"faces": {
				"north": {"uv": [14, 4, 13, 10], "texture": "#0"},
				"east": {"uv": [13, 4, 14, 10], "texture": "#0"},
				"south": {"uv": [13, 4, 14, 10], "texture": "#0"},
				"west": {"uv": [13, 4, 14, 10], "texture": "#0"},
				"down": {"uv": [14, 9, 13, 10], "rotation": 180, "texture": "#0"}
			}
		}
	],
	"groups": [
		{
			"name": "3D Brewing Stand",
			"origin": [0, 0, 0],
			"color": 0,
			"children": [0, 1, 2, 3, 4]
		}
	]
}